book_name,book_category,book_price,book_rate,book_stock,book_id
A Light in the Attic,Poetry,£51.77,Three,In stock (22 available),0
Tipping the Velvet,Historical Fiction,£53.74,One,In stock (20 available),1
Soumission,Fiction,£50.10,One,In stock (20 available),2
Sharp Objects,Mystery,£47.82,Four,In stock (20 available),3
Sapiens: A Brief History of Humankind,History,£54.23,Five,In stock (20 available),4
The Requiem Red,Young Adult,£22.65,One,In stock (19 available),5
The Dirty Little Secrets of Getting Your Dream Job,Business,£33.34,Four,In stock (19 available),6
"The Coming Woman: A Novel Based on the Life of the Infamous Feminist, Victoria Woodhull",Default,£17.93,Three,In stock (19 available),7
The Boys in the Boat: Nine Americans and Their Epic Quest for Gold at the 1936 Berlin Olympics,Default,£22.60,Four,In stock (19 available),8
The Black Maria,Poetry,£52.15,One,In stock (19 available),9
"Starving Hearts (Triangular Trade Trilogy, #1)",Default,£13.99,Two,In stock (19 available),10
Shakespeare's Sonnets,Poetry,£20.66,Four,In stock (19 available),11
Set Me Free,Young Adult,£17.46,Five,In stock (19 available),12
Scott Pilgrim's Precious Little Life (Scott Pilgrim #1),Sequential Art,£52.29,Five,In stock (19 available),13
Rip it Up and Start Again,Music,£35.02,Five,In stock (19 available),14
"Our Band Could Be Your Life: Scenes from the American Indie Underground, 1981-1991",Music,£57.25,Three,In stock (19 available),15
Olio,Poetry,£23.88,One,In stock (19 available),16
Mesaerion: The Best Science Fiction Stories 1800-1849,Science Fiction,£37.59,One,In stock (19 available),17
Libertarianism for Beginners,Politics,£51.33,Two,In stock (19 available),18
It's Only the Himalayas,Travel,£45.17,Two,In stock (19 available),19
In Her Wake,Thriller,£12.84,One,In stock (19 available),20
How Music Works,Music,£37.32,Two,In stock (19 available),21
"Foolproof Preserving: A Guide to Small Batch Jams, Jellies, Pickles, Condiments, and More: A Foolproof Guide to Making Small Batch Jams, Jellies, Pickles, Condiments, and More",Food and Drink,£30.52,Three,In stock (19 available),22
Chase Me (Paris Nights #2),Romance,£25.27,Five,In stock (19 available),23
Black Dust,Romance,£34.53,Five,In stock (19 available),24
Birdsong: A Story in Pictures,Childrens,£54.64,Three,In stock (19 available),25
America's Cradle of Quarterbacks: Western Pennsylvania's Football Factory from Johnny Unitas to Joe Montana,Default,£22.50,Three,In stock (19 available),26
Aladdin and His Wonderful Lamp,Default,£53.13,Three,In stock (19 available),27
Worlds Elsewhere: Journeys Around Shakespeareâs Globe,Nonfiction,£40.30,Five,In stock (18 available),28
Wall and Piece,Art,£44.18,Four,In stock (18 available),29
The Four Agreements: A Practical Guide to Personal Freedom,Spirituality,£17.66,Five,In stock (18 available),30
The Five Love Languages: How to Express Heartfelt Commitment to Your Mate,Nonfiction,£31.05,Three,In stock (18 available),31
The Elephant Tree,Thriller,£23.82,Five,In stock (18 available),32
The Bear and the Piano,Childrens,£36.89,One,In stock (18 available),33
Sophie's World,Philosophy,£15.94,Five,In stock (18 available),34
Penny Maybe,Default,£33.29,Three,In stock (18 available),35
Maude (1883-1993):She Grew Up with the country,Default,£18.02,Two,In stock (18 available),36
"In a Dark, Dark Wood",Mystery,£19.63,One,In stock (18 available),37
Behind Closed Doors,Thriller,£52.22,Four,In stock (18 available),38
You can't bury them all: Poems,Poetry,£33.63,Two,In stock (17 available),39
Slow States of Collapse: Poems,Poetry,£57.31,Three,In stock (17 available),40
Reasons to Stay Alive,Nonfiction,£26.41,Two,In stock (17 available),41
Private Paris (Private #10),Fiction,£47.61,Five,In stock (17 available),42
#HigherSelfie: Wake Up Your Life. Free Your Soul. Find Your Tribe.,Nonfiction,£23.11,Five,In stock (17 available),43
Without Borders (Wanderlove #1),New Adult,£45.07,Two,In stock (16 available),44
When We Collided,Contemporary,£31.77,One,In stock (16 available),45
"We Love You, Charlie Freeman",Fiction,£50.27,Five,In stock (16 available),46
Untitled Collection: Sabbath Poems 2014,Poetry,£14.27,Four,In stock (16 available),47
"Unseen City: The Majesty of Pigeons, the Discreet Charm of Snails & Other Wonders of the Urban Wilderness",Nonfiction,£44.18,Four,In stock (16 available),48
Unicorn Tracks,Fantasy,£18.78,Three,In stock (16 available),49
"Unbound: How Eight Technologies Made Us Human, Transformed Society, and Brought Our World to the Brink",History,£25.52,One,In stock (16 available),50
Tsubasa: WoRLD CHRoNiCLE 2 (Tsubasa WoRLD CHRoNiCLE #2),Sequential Art,£16.28,One,In stock (16 available),51
Throwing Rocks at the Google Bus: How Growth Became the Enemy of Prosperity,Nonfiction,£31.12,Three,In stock (16 available),52
This One Summer,Sequential Art,£19.49,Four,In stock (16 available),53
Thirst,Fiction,£17.27,Five,In stock (16 available),54
The Torch Is Passed: A Harding Family Story,Add a comment,£19.09,One,In stock (16 available),55
The Secret of Dreadwillow Carse,Childrens,£56.13,One,In stock (16 available),56
"The Pioneer Woman Cooks: Dinnertime: Comfort Classics, Freezer Food, 16-Minute Meals, and Other Delicious Ways to Solve Supper!",Food and Drink,£56.41,One,In stock (16 available),57
The Past Never Ends,Mystery,£56.50,Four,In stock (16 available),58
The Natural History of Us (The Fine Art of Pretending #2),Young Adult,£45.22,Three,In stock (16 available),59
The Nameless City (The Nameless City #1),Sequential Art,£38.16,Four,In stock (16 available),60
The Murder That Never Was (Forensic Instincts #5),Fiction,£54.11,Three,In stock (16 available),61
The Most Perfect Thing: Inside (and Outside) a Bird's Egg,Science,£42.96,Four,In stock (16 available),62
"The Mindfulness and Acceptance Workbook for Anxiety: A Guide to Breaking Free from Anxiety, Phobias, and Worry Using Acceptance and Commitment Therapy",Add a comment,£23.89,Four,In stock (16 available),63
The Life-Changing Magic of Tidying Up: The Japanese Art of Decluttering and Organizing,Nonfiction,£16.77,Three,In stock (16 available),64
"The Inefficiency Assassin: Time Management Tactics for Working Smarter, Not Longer",Default,£20.59,Five,In stock (16 available),65
The Gutsy Girl: Escapades for Your Life of Epic Adventure,Nonfiction,£37.13,One,In stock (16 available),66
The Electric Pencil: Drawings from Inside State Hospital No. 3,Nonfiction,£56.06,One,In stock (16 available),67
The Death of Humanity: and the Case for Life,Philosophy,£58.11,Four,In stock (16 available),68
"The Bulletproof Diet: Lose up to a Pound a Day, Reclaim Energy and Focus, Upgrade Your Life",Health,£49.05,Three,In stock (16 available),69
The Art Forger,Add a comment,£40.76,Three,In stock (16 available),70
The Age of Genius: The Seventeenth Century and the Birth of the Modern Mind,History,£19.73,One,In stock (16 available),71
The Activist's Tao Te Ching: Ancient Advice for a Modern Revolution,Spirituality,£32.24,Five,In stock (16 available),72
Spark Joy: An Illustrated Master Class on the Art of Organizing and Tidying Up,Nonfiction,£41.83,Four,In stock (16 available),73
Soul Reader,Default,£39.58,Two,In stock (16 available),74
Security,Horror,£39.25,Two,In stock (16 available),75
"Saga, Volume 6 (Saga (Collected Editions) #6)",Fantasy,£25.02,Three,In stock (16 available),76
"Saga, Volume 5 (Saga (Collected Editions) #5)",Sequential Art,£51.04,Two,In stock (16 available),77
Reskilling America: Learning to Labor in the Twenty-First Century,Nonfiction,£19.83,Two,In stock (16 available),78
"Rat Queens, Vol. 3: Demons (Rat Queens (Collected Editions) #11-15)",Sequential Art,£50.40,Three,In stock (16 available),79
"Princess Jellyfish 2-in-1 Omnibus, Vol. 01 (Princess Jellyfish 2-in-1 Omnibus #1)",Sequential Art,£13.61,Five,In stock (16 available),80
Princess Between Worlds (Wide-Awake Princess #5),Fantasy,£13.34,Five,In stock (16 available),81
"Pop Gun War, Volume 1: Gift",Sequential Art,£18.97,One,In stock (16 available),82
"Political Suicide: Missteps, Peccadilloes, Bad Calls, Backroom Hijinx, Sordid Pasts, Rotten Breaks, and Just Plain Dumb Mistakes in the Annals of American Politics",History,£36.28,Two,In stock (16 available),83
Patience,Sequential Art,£10.16,Three,In stock (16 available),84
"Outcast, Vol. 1: A Darkness Surrounds Him (Outcast #1)",Sequential Art,£15.44,Four,In stock (16 available),85
orange: The Complete Collection 1 (orange: The Complete Collection #1),Sequential Art,£48.41,One,In stock (16 available),86
Online Marketing for Busy Authors: A Step-By-Step Guide,Self Help,£46.35,One,In stock (16 available),87
On a Midnight Clear,Add a comment,£14.07,Three,In stock (16 available),88
Obsidian (Lux #1),Young Adult,£14.86,Two,In stock (16 available),89
My Paris Kitchen: Recipes and Stories,Food and Drink,£33.37,Two,In stock (16 available),90
Masks and Shadows,Fantasy,£56.40,Two,In stock (16 available),91
"Mama Tried: Traditional Italian Cooking for the Screwed, Crude, Vegan, and Tattooed",Food and Drink,£14.02,Four,In stock (16 available),92
"Lumberjanes, Vol. 2: Friendship to the Max (Lumberjanes #5-8)",Sequential Art,£46.91,Two,In stock (16 available),93
"Lumberjanes, Vol. 1: Beware the Kitten Holy (Lumberjanes #1-4)",Sequential Art,£45.61,Three,In stock (16 available),94
Lumberjanes Vol. 3: A Terrible Plan (Lumberjanes #9-12),Sequential Art,£19.92,Two,In stock (16 available),95
"Layered: Baking, Building, and Styling Spectacular Cakes",Food and Drink,£40.11,One,In stock (16 available),96
Judo: Seven Steps to Black Belt (an Introductory Guide for Beginners),Add a comment,£53.90,Two,In stock (16 available),97
Join,Science Fiction,£35.67,Five,In stock (16 available),98
In the Country We Love: My Family Divided,Nonfiction,£22.00,Four,In stock (16 available),99
Immunity: How Elie Metchnikoff Changed the Course of Modern Medicine,Science,£57.36,Five,In stock (16 available),100
"I Hate Fairyland, Vol. 1: Madly Ever After (I Hate Fairyland (Compilations) #1-5)",Sequential Art,£29.17,Two,In stock (16 available),101
I am a Hero Omnibus Volume 1,Sequential Art,£54.63,Three,In stock (16 available),102
How to Be Miserable: 40 Strategies You Already Use,Self Help,£46.03,One,In stock (16 available),103
Her Backup Boyfriend (The Sorensen Family #1),Romance,£33.97,One,In stock (16 available),104
"Giant Days, Vol. 2 (Giant Days #5-8)",Sequential Art,£22.11,Two,In stock (16 available),105
Forever and Forever: The Courtship of Henry Longfellow and Fanny Appleton,Historical Fiction,£29.69,Three,In stock (16 available),106
First and First (Five Boroughs #3),Romance,£15.97,Four,In stock (16 available),107
Fifty Shades Darker (Fifty Shades #2),Romance,£21.96,One,In stock (16 available),108
Everydata: The Misinformation Hidden in the Little Data You Consume Every Day,Nonfiction,£54.35,Two,In stock (16 available),109
"Don't Be a Jerk: And Other Practical Advice from Dogen, Japan's Greatest Zen Master",Religion,£37.97,Two,In stock (16 available),110
Danganronpa Volume 1,Sequential Art,£51.99,Four,In stock (16 available),111
Crown of Midnight (Throne of Glass #2),Fantasy,£43.29,Three,In stock (16 available),112
"Codename Baboushka, Volume 1: The Conclave of Death",Sequential Art,£36.72,Four,In stock (16 available),113
Camp Midnight,Sequential Art,£17.08,Four,In stock (16 available),114
Call the Nurse: True Stories of a Country Nurse on a Scottish Isle,Nonfiction,£29.14,Five,In stock (16 available),115
Burning,Young Adult,£28.81,Three,In stock (16 available),116
Bossypants,Default,£49.46,Two,In stock (16 available),117
"Bitch Planet, Vol. 1: Extraordinary Machine (Bitch Planet (Collected Editions))",Sequential Art,£37.92,Two,In stock (16 available),118
"Avatar: The Last Airbender: Smoke and Shadow, Part 3 (Smoke and Shadow #3)",Fantasy,£28.09,Two,In stock (16 available),119
Algorithms to Live By: The Computer Science of Human Decisions,Nonfiction,£30.81,One,In stock (16 available),120
A World of Flavor: Your Gluten Free Passport,Default,£42.95,One,In stock (16 available),121
"A Piece of Sky, a Grain of Rice: A Memoir in Four Meditations",Default,£56.76,Five,In stock (16 available),122
A Murder in Time,Mystery,£16.64,One,In stock (16 available),123
A Flight of Arrows (The Pathfinders #2),Historical Fiction,£55.53,Five,In stock (16 available),124
A Fierce and Subtle Poison,Young Adult,£28.13,Four,In stock (16 available),125
A Court of Thorns and Roses (A Court of Thorns and Roses #1),Fantasy,£52.37,One,In stock (16 available),126
(Un)Qualified: How God Uses Broken People to Do Big Things,Christian,£54.00,Five,In stock (16 available),127
You Are What You Love: The Spiritual Power of Habit,Religion,£21.87,Four,In stock (15 available),128
"William Shakespeare's Star Wars: Verily, A New Hope (William Shakespeare's Star Wars #4)",Science Fiction,£43.30,Four,In stock (15 available),129
Tuesday Nights in 1980,Fiction,£21.04,Two,In stock (15 available),130
Tracing Numbers on a Train,Default,£41.60,Three,In stock (15 available),131
Throne of Glass (Throne of Glass #1),Fantasy,£35.07,Three,In stock (15 available),132
Thomas Jefferson and the Tripoli Pirates: The Forgotten War That Changed American History,History,£59.64,One,In stock (15 available),133
Thirteen Reasons Why,Default,£52.72,One,In stock (15 available),134
The White Cat and the Monk: A Retelling of the Poem âPangur BÃ¡nâ,Childrens,£58.08,Four,In stock (15 available),135
The Wedding Dress,Romance,£24.12,One,In stock (15 available),136
The Vacationers,Fiction,£42.15,Four,In stock (15 available),137
The Third Wave: An Entrepreneurâs Vision of the Future,Business,£12.61,Five,In stock (15 available),138
The Stranger,Philosophy,£17.44,Four,In stock (15 available),139
The Shadow Hero (The Shadow Hero),Sequential Art,£33.14,One,In stock (15 available),140
The Secret (The Secret #1),Default,£27.37,Four,In stock (15 available),141
The Regional Office Is Under Attack!,Fiction,£51.36,Five,In stock (15 available),142
The Psychopath Test: A Journey Through the Madness Industry,Default,£36.00,Two,In stock (15 available),143
The Project,Science Fiction,£10.65,One,In stock (15 available),144
The Power of Now: A Guide to Spiritual Enlightenment,Nonfiction,£43.54,Two,In stock (15 available),145
The Omnivore's Dilemma: A Natural History of Four Meals,Nonfiction,£38.21,Two,In stock (15 available),146
The Nerdy Nummies Cookbook: Sweet Treats for the Geek in All of Us,Food and Drink,£37.34,Five,In stock (15 available),147
The Murder of Roger Ackroyd (Hercule Poirot #4),Mystery,£44.10,Four,In stock (15 available),148
The Mistake (Off-Campus #2),New Adult,£43.29,Three,In stock (15 available),149
The Matchmaker's Playbook (Wingmen Inc. #1),New Adult,£55.85,One,In stock (15 available),150
The Love and Lemons Cookbook: An Apple-to-Zucchini Celebration of Impromptu Cooking,Food and Drink,£37.60,Two,In stock (15 available),151
The Long Shadow of Small Ghosts: Murder and Memory in an American City,Crime,£10.97,One,In stock (15 available),152
The Kite Runner,Default,£41.82,Four,In stock (15 available),153
The House by the Lake,Historical Fiction,£36.95,One,In stock (15 available),154
The Glittering Court (The Glittering Court #1),Fantasy,£44.28,One,In stock (15 available),155
The Girl on the Train,Default,£55.02,Two,In stock (15 available),156
The Genius of Birds,Nonfiction,£17.24,One,In stock (15 available),157
The Emerald Mystery,Default,£23.15,Two,In stock (15 available),158
The Cookies & Cups Cookbook: 125+ sweet & savory recipes reminding you to Always Eat Dessert First,Food and Drink,£41.25,One,In stock (15 available),159
The Bridge to Consciousness: I'm Writing the Bridge Between Science and Our Old and New Beliefs.,Default,£32.00,Three,In stock (15 available),160
The Artist's Way: A Spiritual Path to Higher Creativity,Nonfiction,£38.49,Five,In stock (15 available),161
The Art of War,Default,£33.34,Five,In stock (15 available),162
The Argonauts,Autobiography,£10.93,Two,In stock (15 available),163
The 10% Entrepreneur: Live Your Startup Dream Without Quitting Your Day Job,Business,£27.55,Three,In stock (15 available),164
Suddenly in Love (Lake Haven #1),Romance,£55.99,Two,In stock (15 available),165
Something More Than This,Romance,£16.24,Four,In stock (15 available),166
Soft Apocalypse,Science Fiction,£26.12,Two,In stock (15 available),167
So You've Been Publicly Shamed,Nonfiction,£12.23,Two,In stock (15 available),168
Shoe Dog: A Memoir by the Creator of NIKE,Business,£23.99,Two,In stock (15 available),169
"Shobu Samurai, Project Aryoku (#3)",Add a comment,£29.06,Three,In stock (15 available),170
Secrets and Lace (Fatal Hearts #1),Default,£20.27,One,In stock (15 available),171
Scarlett Epstein Hates It Here,Young Adult,£43.55,Five,In stock (15 available),172
Romero and Juliet: A Tragic Tale of Love and Zombies,Default,£36.94,One,In stock (15 available),173
Redeeming Love,Christian Fiction,£20.47,Five,In stock (15 available),174
Poses for Artists Volume 1 - Dynamic and Sitting Poses: An Essential Reference for Figure Drawing and the Human Form,Default,£41.06,One,In stock (15 available),175
Poems That Make Grown Women Cry,Poetry,£14.19,Four,In stock (15 available),176
"Nightingale, Sing",Young Adult,£38.28,One,In stock (15 available),177
Night Sky with Exit Wounds,Poetry,£41.05,One,In stock (15 available),178
Mrs. Houdini,Historical Fiction,£30.25,Five,In stock (15 available),179
Modern Romance,Add a comment,£28.26,Five,In stock (15 available),180
Miss Peregrineâs Home for Peculiar Children (Miss Peregrineâs Peculiar Children #1),Default,£10.76,One,In stock (15 available),181
Louisa: The Extraordinary Life of Mrs. Adams,Biography,£16.85,Two,In stock (15 available),182
Little Red,Childrens,£13.47,Three,In stock (15 available),183
Library of Souls (Miss Peregrineâs Peculiar Children #3),Young Adult,£48.56,Five,In stock (15 available),184
Large Print Heart of the Pride,Default,£19.15,Two,In stock (15 available),185
I Had a Nice Time And Other Lies...: How to find love & sh*t like that,Womens Fiction,£57.36,Four,In stock (15 available),186
Hollow City (Miss Peregrineâs Peculiar Children #2),Fantasy,£42.98,One,In stock (15 available),187
Grumbles,Default,£22.16,Two,In stock (15 available),188
Full Moon over Noahâs Ark: An Odyssey to Mount Ararat and Beyond,Travel,£49.43,Four,In stock (15 available),189
Frostbite (Vampire Academy #2),Young Adult,£29.99,Five,In stock (15 available),190
Follow You Home,Horror,£21.36,One,In stock (15 available),191
First Steps for New Christians (Print Edition),Default,£29.00,One,In stock (15 available),192
Finders Keepers (Bill Hodges Trilogy #2),Fiction,£53.53,Five,In stock (15 available),193
"Fables, Vol. 1: Legends in Exile (Fables #1)",Sequential Art,£41.62,Four,In stock (15 available),194
Eureka Trivia 6.0,Default,£54.59,Four,In stock (15 available),195
Drive: The Surprising Truth About What Motivates Us,Default,£34.95,Four,In stock (15 available),196
Done Rubbed Out (Reightman & Bailey #1),Default,£37.72,Five,In stock (15 available),197
Doing It Over (Most Likely To #1),Romance,£35.61,Three,In stock (15 available),198
"Deliciously Ella Every Day: Quick and Easy Recipes for Gluten-Free Snacks, Packed Lunches, and Simple Meals",Food and Drink,£42.16,Three,In stock (15 available),199
Dark Notes,Erotica,£19.19,Five,In stock (15 available),200
"Daring Greatly: How the Courage to Be Vulnerable Transforms the Way We Live, Love, Parent, and Lead",Nonfiction,£19.43,Three,In stock (15 available),201
Close to You,Christian Fiction,£49.46,Four,In stock (15 available),202
Chasing Heaven: What Dying Taught Me About Living,Spirituality,£37.80,Two,In stock (15 available),203
Big Magic: Creative Living Beyond Fear,Nonfiction,£30.80,Three,In stock (15 available),204
Becoming Wise: An Inquiry into the Mystery and Art of Living,Nonfiction,£27.43,Two,In stock (15 available),205
Beauty Restored (Riley Family Legacy Novellas #3),Default,£11.11,Two,In stock (15 available),206
Batman: The Long Halloween (Batman),Sequential Art,£36.50,Two,In stock (15 available),207
Batman: The Dark Knight Returns (Batman),Sequential Art,£15.38,Five,In stock (15 available),208
Ayumi's Violin,Default,£15.48,Two,In stock (15 available),209
Anonymous,Default,£46.82,Four,In stock (15 available),210
Amy Meets the Saints and Sages,Default,£18.46,Three,In stock (15 available),211
Amid the Chaos,Cultural,£36.58,One,In stock (15 available),212
Amatus,Default,£50.54,Five,In stock (15 available),213
Agnostic: A Spirited Manifesto,Nonfiction,£12.51,Five,In stock (15 available),214
Zealot: The Life and Times of Jesus of Nazareth,History,£24.70,Three,In stock (14 available),215
You (You #1),Thriller,£43.61,Five,In stock (14 available),216
"Wonder Woman: Earth One, Volume One (Wonder Woman: Earth One #1)",Sequential Art,£37.34,Four,In stock (14 available),217
Wild Swans,Young Adult,£14.36,Two,In stock (14 available),218
Why the Right Went Wrong: Conservatism--From Goldwater to the Tea Party and Beyond,Politics,£52.65,Four,In stock (14 available),219
Whole Lotta Creativity Going On: 60 Fun and Unusual Exercises to Awaken and Strengthen Your Creativity,Nonfiction,£38.20,Four,In stock (14 available),220
What's It Like in Space?: Stories from Astronauts Who've Been There,Nonfiction,£19.60,Two,In stock (14 available),221
"We Are Robin, Vol. 1: The Vigilante Business (We Are Robin #1)",Sequential Art,£53.90,One,In stock (14 available),222
Walt Disney's Alice in Wonderland,Childrens,£12.96,Five,In stock (14 available),223
V for Vendetta (V for Vendetta Complete),Default,£37.10,Four,In stock (14 available),224
Until Friday Night (The Field Party #1),Young Adult,£46.31,Two,In stock (14 available),225
"Unbroken: A World War II Story of Survival, Resilience, and Redemption",Default,£45.95,Two,In stock (14 available),226
Twenty Yawns,Childrens,£22.08,Two,In stock (14 available),227
Through the Woods,Sequential Art,£25.38,Two,In stock (14 available),228
This Is Where It Ends,Young Adult,£27.12,Two,In stock (14 available),229
The Year of Magical Thinking,Nonfiction,£43.04,Two,In stock (14 available),230
The Wright Brothers,Default,£56.80,Four,In stock (14 available),231
The White Queen (The Cousins' War #1),Add a comment,£25.91,Five,In stock (14 available),232
The Wedding Pact (The O'Malleys #2),Romance,£32.61,Three,In stock (14 available),233
The Time Keeper,Fiction,£27.88,Five,In stock (14 available),234
The Testament of Mary,Fiction,£52.67,Four,In stock (14 available),235
The Star-Touched Queen,Fantasy,£46.02,Five,In stock (14 available),236
The Songs of the Gods,Default,£44.48,Five,In stock (14 available),237
The Song of Achilles,Add a comment,£37.40,Five,In stock (14 available),238
The Rosie Project (Don Tillman #1),Default,£54.04,One,In stock (14 available),239
The Power of Habit: Why We Do What We Do in Life and Business,Default,£16.88,Three,In stock (14 available),240
The Marriage of Opposites,Historical Fiction,£28.08,Four,In stock (14 available),241
The Lucifer Effect: Understanding How Good People Turn Evil,Psychology,£10.40,One,In stock (14 available),242
The Long Haul (Diary of a Wimpy Kid #9),Humor,£44.07,One,In stock (14 available),243
The Loney,Horror,£23.40,One,In stock (14 available),244
The Literature Book (Big Ideas Simply Explained),Nonfiction,£17.43,Three,In stock (14 available),245
The Last Mile (Amos Decker #2),Mystery,£54.21,Two,In stock (14 available),246
The Immortal Life of Henrietta Lacks,Add a comment,£40.67,Two,In stock (14 available),247
The Hidden Oracle (The Trials of Apollo #1),Fantasy,£52.26,Two,In stock (14 available),248
The Help Yourself Cookbook for Kids: 60 Easy Plant-Based Recipes Kids Can Make to Stay Healthy and Save the Earth,Food and Drink,£28.77,Three,In stock (14 available),249
The Guilty (Will Robie #4),Thriller,£13.82,Two,In stock (14 available),250
The First Hostage (J.B. Collins #2),Fiction,£25.85,Three,In stock (14 available),251
The Dovekeepers,Add a comment,£48.78,One,In stock (14 available),252
The Darkest Lie,Young Adult,£35.35,Five,In stock (14 available),253
The Bane Chronicles (The Bane Chronicles #1-11),Fantasy,£44.73,Four,In stock (14 available),254
The Bad-Ass Librarians of Timbuktu: And Their Race to Save the Worldâs Most Precious Manuscripts,Nonfiction,£15.77,One,In stock (14 available),255
The 14th Colony (Cotton Malone #11),Thriller,£39.24,One,In stock (14 available),256
That Darkness (Gardiner and Renner #1),Mystery,£13.92,One,In stock (14 available),257
Tastes Like Fear (DI Marnie Rome #3),Mystery,£10.69,One,In stock (14 available),258
Take Me with You,Fiction,£45.21,Three,In stock (14 available),259
Swell: A Year of Waves,Nonfiction,£45.58,One,In stock (14 available),260
Superman Vol. 1: Before Truth (Superman by Gene Luen Yang #1),Sequential Art,£11.89,Five,In stock (14 available),261
Still Life with Bread Crumbs,Fiction,£26.41,Three,In stock (14 available),262
Steve Jobs,Default,£39.50,Five,In stock (14 available),263
Sorting the Beef from the Bull: The Science of Food Fraud Forensics,Science,£44.74,Four,In stock (14 available),264
Someone Like You (The Harrisons #2),Contemporary,£52.79,Five,In stock (14 available),265
"So Cute It Hurts!!, Vol. 6 (So Cute It Hurts!! #6)",Sequential Art,£35.43,Four,In stock (14 available),266
Shtum,Fiction,£55.84,Four,In stock (14 available),267
See America: A Celebration of Our National Parks & Treasured Sites,Travel,£48.87,Three,In stock (14 available),268
salt.,Poetry,£46.78,Four,In stock (14 available),269
Robin War,Sequential Art,£47.82,Three,In stock (14 available),270
"Red Hood/Arsenal, Vol. 1: Open for Business (Red Hood/Arsenal #1)",Sequential Art,£25.48,Two,In stock (14 available),271
Rain Fish,Childrens,£23.57,Three,In stock (14 available),272
"Quarter Life Poetry: Poems for the Young, Broke and Hangry",Poetry,£50.89,Five,In stock (14 available),273
Pet Sematary,Horror,£10.56,Three,In stock (14 available),274
"Overload: How to Unplug, Unwind, and Unleash Yourself from the Pressure of Stress",Self Help,£52.15,Three,In stock (14 available),275
Once Was a Time,Childrens,£18.28,Two,In stock (14 available),276
Old School (Diary of a Wimpy Kid #10),Humor,£11.83,Five,In stock (14 available),277
No Dream Is Too High: Life Lessons From a Man Who Walked on the Moon,Nonfiction,£21.95,Two,In stock (14 available),278
"Naruto (3-in-1 Edition), Vol. 14: Includes Vols. 40, 41 & 42 (Naruto: Omnibus #14)",Sequential Art,£38.39,Two,In stock (14 available),279
My Name Is Lucy Barton,Fiction,£41.56,One,In stock (14 available),280
My Mrs. Brown,Fiction,£24.48,Three,In stock (14 available),281
My Kind of Crazy,Young Adult,£40.36,One,In stock (14 available),282
Mr. Mercedes (Bill Hodges Trilogy #1),Fiction,£28.90,One,In stock (14 available),283
More Than Music (Chasing the Dream #1),Add a comment,£37.61,Two,In stock (14 available),284
Made to Stick: Why Some Ideas Survive and Others Die,Business,£38.85,Five,In stock (14 available),285
Luis Paints the World,Childrens,£53.95,Three,In stock (14 available),286
Luckiest Girl Alive,Default,£49.83,Three,In stock (14 available),287
Lowriders to the Center of the Earth (Lowriders in Space #2),Sequential Art,£51.51,Two,In stock (14 available),288
Love Is a Mix Tape (Music #1),Music,£18.03,One,In stock (14 available),289
Looking for Lovely: Collecting the Moments that Matter,Nonfiction,£29.14,Five,In stock (14 available),290
"Living Leadership by Insight: A Good Leader Achieves, a Great Leader Builds Monuments",Default,£46.91,Four,In stock (14 available),291
Let It Out: A Journey Through Journaling,Nonfiction,£26.79,Five,In stock (14 available),292
Lady Midnight (The Dark Artifices #1),Default,£16.28,Five,In stock (14 available),293
"It's All Easy: Healthy, Delicious Weeknight Meals in under 30 Minutes",Food and Drink,£19.55,One,In stock (14 available),294
Island of Dragons (Unwanteds #7),Fantasy,£29.65,One,In stock (14 available),295
I Know What I'm Doing -- and Other Lies I Tell Myself: Dispatches from a Life Under Construction,Humor,£25.98,Four,In stock (14 available),296
I Am Pilgrim (Pilgrim #1),Fiction,£10.60,Four,In stock (14 available),297
"Hyperbole and a Half: Unfortunate Situations, Flawed Coping Mechanisms, Mayhem, and Other Things That Happened",Humor,£14.75,Five,In stock (14 available),298
"Hush, Hush (Hush, Hush #1)",Default,£47.02,Three,In stock (14 available),299
Hold Your Breath (Search and Rescue #1),Romance,£28.82,One,In stock (14 available),300
Hamilton: The Revolution,Nonfiction,£58.79,Three,In stock (14 available),301
Greek Mythic History,Default,£10.23,Five,In stock (14 available),302
God: The Most Unpleasant Character in All Fiction,Religion,£30.03,Five,In stock (14 available),303
Glory over Everything: Beyond The Kitchen House,Historical Fiction,£45.84,Three,In stock (14 available),304
Feathers: Displays of Brilliant Plumage,Art,£49.05,Three,In stock (14 available),305
"Far & Away: Places on the Brink of Change: Seven Continents, Twenty-Five Years",Nonfiction,£15.06,Four,In stock (14 available),306
Every Last Word,Default,£46.47,Three,In stock (14 available),307
Eligible (The Austen Project #4),Fiction,£27.09,Three,In stock (14 available),308
El Deafo,Sequential Art,£57.62,Five,In stock (14 available),309
Eight Hundred Grapes,Fiction,£14.39,Four,In stock (14 available),310
"Eaternity: More than 150 Deliciously Easy Vegan Recipes for a Long, Healthy, Satisfied, Joyful Life",Nonfiction,£51.75,Five,In stock (14 available),311
"Eat Fat, Get Thin",Health,£54.07,Two,In stock (14 available),312
Don't Get Caught,Young Adult,£55.35,One,In stock (14 available),313
Doctor Sleep (The Shining #2),Horror,£40.12,Two,In stock (14 available),314
Demigods & Magicians: Percy and Annabeth Meet the Kanes (Percy Jackson & Kane Chronicles Crossover #1-3),Fantasy,£37.51,Five,In stock (14 available),315
Dear Mr. Knightley,Fiction,£11.21,Five,In stock (14 available),316
Daily Fantasy Sports,Default,£36.58,One,In stock (14 available),317
Crazy Love: Overwhelmed by a Relentless God,Christian,£47.72,Two,In stock (14 available),318
Cometh the Hour (The Clifton Chronicles #6),Fiction,£25.01,Three,In stock (14 available),319
Code Name Verity (Code Name Verity #1),Add a comment,£22.13,Four,In stock (14 available),320
Clockwork Angel (The Infernal Devices #1),Default,£44.14,One,In stock (14 available),321
City of Glass (The Mortal Instruments #3),Fantasy,£56.02,Four,In stock (14 available),322
City of Fallen Angels (The Mortal Instruments #4),Default,£11.23,Four,In stock (14 available),323
City of Bones (The Mortal Instruments #1),Default,£43.28,One,In stock (14 available),324
City of Ashes (The Mortal Instruments #2),Default,£47.27,One,In stock (14 available),325
Cell,Add a comment,£20.29,Four,In stock (14 available),326
Catching Jordan (Hundred Oaks),Young Adult,£50.83,Three,In stock (14 available),327
"Carry On, Warrior: Thoughts on Life Unarmed",Default,£31.85,Three,In stock (14 available),328
Carrie,Default,£46.23,Two,In stock (14 available),329
Buying In: The Secret Dialogue Between What We Buy and Who We Are,Nonfiction,£37.80,Four,In stock (14 available),330
Brain on Fire: My Month of Madness,Nonfiction,£49.32,Five,In stock (14 available),331
Batman: Europa,Sequential Art,£32.01,Two,In stock (14 available),332
Barefoot Contessa Back to Basics,Food and Drink,£28.01,One,In stock (14 available),333
Barefoot Contessa at Home: Everyday Recipes You'll Make Over and Over Again,Food and Drink,£50.62,Five,In stock (14 available),334
Balloon Animals,Fiction,£17.03,Three,In stock (14 available),335
Art Ops Vol. 1,Sequential Art,£48.80,Three,In stock (14 available),336
Aristotle and Dante Discover the Secrets of the Universe (Aristotle and Dante Discover the Secrets of the Universe #1),Young Adult,£58.14,Four,In stock (14 available),337
Angels Walking (Angels Walking #1),Add a comment,£34.20,Two,In stock (14 available),338
Angels & Demons (Robert Langdon #1),Default,£51.48,Three,In stock (14 available),339
All the Light We Cannot See,Historical,£29.87,Five,In stock (14 available),340
"Adulthood Is a Myth: A ""Sarah's Scribbles"" Collection",Sequential Art,£10.90,Two,In stock (14 available),341
Abstract City,Nonfiction,£56.37,Five,In stock (14 available),342
A Time of Torment (Charlie Parker #14),Mystery,£48.35,Five,In stock (14 available),343
A Study in Scarlet (Sherlock Holmes #1),Mystery,£16.73,Two,In stock (14 available),344
"A Series of Catastrophes and Miracles: A True Story of Love, Science, and Cancer",Add a comment,£56.48,Two,In stock (14 available),345
A People's History of the United States,Add a comment,£40.79,Two,In stock (14 available),346
A Man Called Ove,Fiction,£39.72,One,In stock (14 available),347
A Distant Mirror: The Calamitous 14th Century,History,£14.58,Three,In stock (14 available),348
A Brush of Wings (Angels Walking #3),Add a comment,£55.51,One,In stock (14 available),349
1491: New Revelations of the Americas Before Columbus,History,£21.80,Three,In stock (14 available),350
"The Three Searches, Meaning, and the Story",Default,£13.33,Three,In stock (13 available),351
Searching for Meaning in Gailana,Fantasy,£38.73,One,In stock (13 available),352
Rook,Add a comment,£37.86,Four,In stock (13 available),353
My Kitchen Year: 136 Recipes That Saved My Life,Food and Drink,£11.53,Two,In stock (13 available),354
13 Hours: The Inside Account of What Really Happened In Benghazi,Nonfiction,£27.06,One,In stock (13 available),355
Will You Won't You Want Me?,Womens Fiction,£13.86,Three,In stock (12 available),356
Tipping Point for Planet Earth: How Close Are We to the Edge?,Science,£37.55,One,In stock (12 available),357
The Star-Touched Queen,Fantasy,£32.30,Five,In stock (12 available),358
The Silent Sister (Riley MacPherson #1),Fiction,£46.29,Five,In stock (12 available),359
The Midnight Watch: A Novel of the Titanic and the Californian,Add a comment,£26.20,One,In stock (12 available),360
The Lonely City: Adventures in the Art of Being Alone,Nonfiction,£33.26,Two,In stock (12 available),361
The Gray Rhino: How to Recognize and Act on the Obvious Dangers We Ignore,Add a comment,£59.15,Four,In stock (12 available),362
The Golden Condom: And Other Essays on Love Lost and Found,Psychology,£39.43,One,In stock (12 available),363
The Epidemic (The Program 0.6),Young Adult,£14.44,Five,In stock (12 available),364
The Dinner Party,Fiction,£56.54,Two,In stock (12 available),365
The Diary of a Young Girl,Nonfiction,£59.90,Three,In stock (12 available),366
The Children,Add a comment,£11.88,Three,In stock (12 available),367
Stars Above (The Lunar Chronicles #4.5),Young Adult,£48.05,Two,In stock (12 available),368
Snatched: How A Drug Queen Went Undercover for the DEA and Was Kidnapped By Colombian Guerillas,Nonfiction,£21.21,Three,In stock (12 available),369
Raspberry Pi Electronics Projects for the Evil Genius,Default,£49.67,Four,In stock (12 available),370
Quench Your Own Thirst: Business Lessons Learned Over a Beer or Two,Business,£43.14,One,In stock (12 available),371
Psycho: Sanitarium (Psycho #1.5),Horror,£36.97,Five,In stock (12 available),372
Poisonous (Max Revere Novels #3),Mystery,£26.80,Three,In stock (12 available),373
One with You (Crossfire #5),Add a comment,£15.71,Four,In stock (12 available),374
No Love Allowed (Dodge Cove #1),Young Adult,£54.65,Four,In stock (12 available),375
Murder at the 42nd Street Library (Raymond Ambler #1),Mystery,£54.36,Four,In stock (12 available),376
Most Wanted,Mystery,£35.28,Three,In stock (12 available),377
"Love, Lies and Spies",Historical Fiction,£20.55,Two,In stock (12 available),378
How to Speak Golf: An Illustrated Guide to Links Lingo,Default,£58.32,Five,In stock (12 available),379
Hide Away (Eve Duncan #20),Mystery,£11.84,One,In stock (12 available),380
Furiously Happy: A Funny Book About Horrible Things,Nonfiction,£41.46,Four,In stock (12 available),381
Everyday Italian: 125 Simple and Delicious Recipes,Food and Drink,£20.10,Five,In stock (12 available),382
Equal Is Unfair: America's Misguided Fight Against Income Inequality,Politics,£56.86,One,In stock (12 available),383
Eleanor & Park,Default,£56.51,Five,In stock (12 available),384
Dirty (Dive Bar #1),Romance,£40.83,Four,In stock (12 available),385
Can You Keep a Secret? (Fear Street Relaunch #4),Horror,£48.64,One,In stock (12 available),386
Boar Island (Anna Pigeon #19),Mystery,£59.48,Three,In stock (12 available),387
A Paris Apartment,Historical Fiction,£39.01,Four,In stock (12 available),388
"A la Mode: 120 Recipes in 60 Pairings: Pies, Tarts, Cakes, Crisps, and More Topped with Ice Cream, Gelato, Frozen Custard, and More",Food and Drink,£38.77,One,In stock (12 available),389
Troublemaker: Surviving Hollywood and Scientology,Default,£48.39,Two,In stock (11 available),390
The Widow,Mystery,£27.26,Two,In stock (11 available),391
"The Sleep Revolution: Transforming Your Life, One Night at a Time",Nonfiction,£11.68,Four,In stock (11 available),392
The Improbability of Love,Fiction,£59.45,One,In stock (11 available),393
The Art of Startup Fundraising,Business,£21.00,Three,In stock (11 available),394
Take Me Home Tonight (Rock Star Romance #3),Romance,£53.98,Three,In stock (11 available),395
Sleeping Giants (Themis Files #1),Science Fiction,£48.74,One,In stock (11 available),396
"Setting the World on Fire: The Brief, Astonishing Life of St. Catherine of Siena",Biography,£21.15,Two,In stock (11 available),397
Playing with Fire,Mystery,£13.71,Three,In stock (11 available),398
Off the Hook (Fishing for Trouble #1),Romance,£47.67,Three,In stock (11 available),399
Mothering Sunday,Fiction,£13.34,Two,In stock (11 available),400
"Mother, Can You Not?",Nonfiction,£16.89,Five,In stock (11 available),401
M Train,Autobiography,£27.18,One,In stock (11 available),402
Lilac Girls,Historical Fiction,£17.28,Two,In stock (11 available),403
Lies and Other Acts of Love,Fiction,£45.14,One,In stock (11 available),404
Lab Girl,Autobiography,£40.85,One,In stock (11 available),405
Keep Me Posted,Womens Fiction,£20.46,Four,In stock (11 available),406
It Didn't Start with You: How Inherited Family Trauma Shapes Who We Are and How to End the Cycle,Psychology,£56.27,Three,In stock (11 available),407
Grey (Fifty Shades #4),Womens Fiction,£48.49,Four,In stock (11 available),408
"Exit, Pursued by a Bear",Young Adult,£51.34,Four,In stock (11 available),409
Daredevils,Fiction,£16.34,Three,In stock (11 available),410
Cravings: Recipes for What You Want to Eat,Food and Drink,£20.50,Three,In stock (11 available),411
Born for This: How to Find the Work You Were Meant to Do,Business,£21.59,Five,In stock (11 available),412
Arena,Science Fiction,£21.36,Four,In stock (11 available),413
Adultery,Default,£20.88,Five,In stock (11 available),414
A Mother's Reckoning: Living in the Aftermath of Tragedy,Nonfiction,£19.53,Three,In stock (11 available),415
A Gentleman's Position (Society of Gentlemen #3),Romance,£14.75,Five,In stock (11 available),416
11/22/63,Fiction,£48.48,Three,In stock (11 available),417
"10% Happier: How I Tamed the Voice in My Head, Reduced Stress Without Losing My Edge, and Found Self-Help That Actually Works",Nonfiction,£24.57,Two,In stock (10 available),418
10-Day Green Smoothie Cleanse: Lose Up to 15 Pounds in 10 Days!,Health,£49.71,Five,In stock (10 available),419
Without Shame,Add a comment,£48.27,Five,In stock (9 available),420
Watchmen,Add a comment,£58.05,Four,In stock (9 available),421
Unlimited Intuition Now,Default,£58.87,Four,In stock (9 available),422
Underlying Notes,Default,£11.82,Two,In stock (9 available),423
The Shack,Fiction,£28.03,One,In stock (9 available),424
The New Brand You: Your New Image Makes the Sale for You,Default,£44.05,Five,In stock (9 available),425
"The Moosewood Cookbook: Recipes from Moosewood Restaurant, Ithaca, New York",Food and Drink,£12.34,Four,In stock (9 available),426
The Flowers Lied,Default,£16.68,Two,In stock (9 available),427
"The Fabric of the Cosmos: Space, Time, and the Texture of Reality",Science,£55.91,One,In stock (9 available),428
The Book of Mormon,Religion,£24.57,Three,In stock (9 available),429
The Art and Science of Low Carbohydrate Living,Health,£52.98,Five,In stock (9 available),430
The Alien Club,Young Adult,£54.40,One,In stock (9 available),431
Suzie Snowflake: One beautiful flake (a self-esteem story),Novels,£54.81,Five,In stock (9 available),432
Nap-a-Roo,Childrens,£25.08,One,In stock (9 available),433
"NaNo What Now? Finding your editing process, revising your NaNoWriMo book and building a writing career through publishing and beyond",Default,£10.41,Four,In stock (9 available),434
Modern Day Fables,Default,£47.44,Two,In stock (9 available),435
If I Gave You God's Phone Number....: Searching for Spirituality in America,Spirituality,£20.91,One,In stock (9 available),436
"Fruits Basket, Vol. 9 (Fruits Basket #9)",Sequential Art,£33.95,Four,In stock (9 available),437
Dress Your Family in Corduroy and Denim,Humor,£43.68,Three,In stock (9 available),438
Don't Forget Steven,Young Adult,£33.23,One,In stock (9 available),439
Chernobyl 01:23:40: The Incredible True Story of the World's Worst Nuclear Disaster,Nonfiction,£35.92,Two,In stock (9 available),440
Art and Fear: Observations on the Perils (and Rewards) of Artmaking,Art,£48.63,Four,In stock (9 available),441
A Shard of Ice (The Black Symphony Saga #1),Fantasy,£56.63,Three,In stock (9 available),442
A Hero's Curse (The Unseen Chronicles #1),Add a comment,£50.49,Three,In stock (9 available),443
23 Degrees South: A Tropical Tale of Changing Whether...,Add a comment,£35.79,Two,In stock (9 available),444
"Zero to One: Notes on Startups, or How to Build the Future",Nonfiction,£34.06,Three,In stock (8 available),445
Why Not Me?,Nonfiction,£17.76,One,In stock (8 available),446
When Breath Becomes Air,Nonfiction,£39.36,Two,In stock (8 available),447
Vagabonding: An Uncommon Guide to the Art of Long-Term World Travel,Travel,£36.94,Two,In stock (8 available),448
The Unlikely Pilgrimage of Harold Fry (Harold Fry #1),Default,£43.62,Five,In stock (8 available),449
The New Drawing on the Right Side of the Brain,Art,£43.02,Three,In stock (8 available),450
"The Midnight Assassin: Panic, Scandal, and the Hunt for America's First Serial Killer",Nonfiction,£28.45,Four,In stock (8 available),451
The Martian (The Martian #1),Default,£41.39,Two,In stock (8 available),452
The High Mountains of Portugal,Fiction,£51.15,One,In stock (8 available),453
The Grownup,Short Stories,£35.88,One,In stock (8 available),454
The E-Myth Revisited: Why Most Small Businesses Don't Work and What to Do About It,Business,£36.91,One,In stock (8 available),455
South of Sunshine,Young Adult,£28.93,One,In stock (8 available),456
Smarter Faster Better: The Secrets of Being Productive in Life and Business,Nonfiction,£38.89,Five,In stock (8 available),457
Silence in the Dark (Logan Point #4),Suspense,£58.33,Three,In stock (8 available),458
Shadows of the Past (Logan Point #1),Christian Fiction,£39.67,Five,In stock (8 available),459
Roller Girl,Sequential Art,£14.10,Five,In stock (8 available),460
Rising Strong,Nonfiction,£21.82,Three,In stock (8 available),461
Proofs of God: Classical Arguments from Tertullian to Barth,Philosophy,£54.21,One,In stock (8 available),462
Please Kill Me: The Uncensored Oral History of Punk,Music,£31.19,Four,In stock (8 available),463
Out of Print: City Lights Spotlight No. 14,Poetry,£53.64,Five,In stock (8 available),464
My Life Next Door (My Life Next Door ),Young Adult,£36.39,Five,In stock (8 available),465
Miller's Valley,Fiction,£58.54,Two,In stock (8 available),466
Man's Search for Meaning,Nonfiction,£29.48,Three,In stock (8 available),467
"Love That Boy: What Two Presidents, Eight Road Trips, and My Son Taught Me About a Parent's Expectations",Nonfiction,£25.06,Two,In stock (8 available),468
Living Forward: A Proven Plan to Stop Drifting and Get the Life You Want,Nonfiction,£12.55,Three,In stock (8 available),469
Les Fleurs du Mal,Poetry,£29.04,Five,In stock (8 available),470
Left Behind (Left Behind #1),Default,£40.72,Two,In stock (8 available),471
Kill 'Em and Leave: Searching for James Brown and the American Soul,Music,£45.05,Five,In stock (8 available),472
Kierkegaard: A Christian Missionary to Christians,Philosophy,£47.13,One,In stock (8 available),473
John Vassos: Industrial Design for Modern Life,Default,£20.22,Four,In stock (8 available),474
I'll Give You the Sun,Default,£56.48,One,In stock (8 available),475
I Will Find You,Nonfiction,£44.21,One,In stock (8 available),476
Hystopia: A Novel,Fiction,£21.96,Four,In stock (8 available),477
Howl and Other Poems,Poetry,£40.45,Two,In stock (8 available),478
History of Beauty,Art,£10.29,Four,In stock (8 available),479
Heaven is for Real: A Little Boy's Astounding Story of His Trip to Heaven and Back,Default,£52.86,Two,In stock (8 available),480
Future Shock (Future Shock #1),Young Adult,£55.65,Five,In stock (8 available),481
Ender's Game (The Ender Quintet #1),Default,£43.64,One,In stock (8 available),482
Diary of a Citizen Scientist: Chasing Tiger Beetles and Other New Ways of Engaging the World,Science,£28.41,One,In stock (8 available),483
Death by Leisure: A Cautionary Tale,Default,£37.51,Four,In stock (8 available),484
Brilliant Beacons: A History of the American Lighthouse,History,£11.45,Three,In stock (8 available),485
Brazen: The Courage to Find the You That's Been Hiding,Nonfiction,£19.22,Two,In stock (8 available),486
Between the World and Me,Nonfiction,£56.91,Four,In stock (8 available),487
Being Mortal: Medicine and What Matters in the End,Nonfiction,£55.06,Four,In stock (8 available),488
"A Murder Over a Girl: Justice, Gender, Junior High",Nonfiction,£13.20,Three,In stock (8 available),489
32 Yolks,Food and Drink,£53.63,Two,In stock (8 available),490
"""Most Blessed of the Patriarchs"": Thomas Jefferson and the Empire of the Imagination",History,£44.48,Five,In stock (8 available),491
You Are a Badass: How to Stop Doubting Your Greatness and Start Living an Awesome Life,Self Help,£12.08,Three,In stock (7 available),492
Wildlife of New York: A Five-Borough Coloring Book,Default,£22.14,Two,In stock (7 available),493
What Happened on Beale Street (Secrets of the South Mysteries #2),Mystery,£25.37,Five,In stock (7 available),494
Unreasonable Hope: Finding Faith in the God Who Brings Purpose to Your Pain,Spirituality,£46.33,Two,In stock (7 available),495
Under the Tuscan Sun,Travel,£37.33,Three,In stock (7 available),496
Toddlers Are A**holes: It's Not Your Fault,Humor,£25.55,One,In stock (7 available),497
The Year of Living Biblically: One Man's Humble Quest to Follow the Bible as Literally as Possible,Default,£34.72,One,In stock (7 available),498
The Whale,Childrens,£35.96,Four,In stock (7 available),499
The Story of Art,Art,£41.14,Four,In stock (7 available),500
The Origin of Species,Science,£10.01,Four,In stock (7 available),501
The Great Gatsby,Default,£36.05,Four,In stock (7 available),502
The Good Girl,Default,£49.03,Three,In stock (7 available),503
The Glass Castle,Add a comment,£16.24,One,In stock (7 available),504
The Faith of Christopher Hitchens: The Restless Soul of the World's Most Notorious Atheist,Biography,£39.55,One,In stock (7 available),505
The Drowning Girls,Add a comment,£35.67,Three,In stock (7 available),506
The Constant Princess (The Tudor Court #1),Historical Fiction,£16.62,Three,In stock (7 available),507
The Bourne Identity (Jason Bourne #1),Fiction,£42.78,Four,In stock (7 available),508
The Bachelor Girl's Guide to Murder (Herringford and Watts Mysteries #1),Mystery,£52.30,Five,In stock (7 available),509
The Art Book,Art,£32.34,Two,In stock (7 available),510
The 7 Habits of Highly Effective People: Powerful Lessons in Personal Change,Default,£33.17,Four,In stock (7 available),511
Team of Rivals: The Political Genius of Abraham Lincoln,Add a comment,£20.12,Five,In stock (7 available),512
Steal Like an Artist: 10 Things Nobody Told You About Being Creative,Default,£20.90,Two,In stock (7 available),513
"Sit, Stay, Love",Romance,£20.90,Three,In stock (7 available),514
Sister Dear,Fiction,£40.20,Four,In stock (7 available),515
"Shrunken Treasures: Literary Classics, Short, Sweet, and Silly",Childrens,£52.87,Three,In stock (7 available),516
"Rich Dad, Poor Dad",Business,£51.74,One,In stock (7 available),517
Raymie Nightingale,Childrens,£34.41,Two,In stock (7 available),518
Playing from the Heart,Childrens,£32.38,One,In stock (7 available),519
Nightstruck: A Novel,Young Adult,£50.35,Four,In stock (7 available),520
"Naturally Lean: 125 Nourishing Gluten-Free, Plant-Based Recipes--All Under 300 Calories",Food and Drink,£11.38,Five,In stock (7 available),521
Meternity,Womens Fiction,£43.58,Three,In stock (7 available),522
Memoirs of a Geisha,Fiction,£49.67,Three,In stock (7 available),523
Like Never Before (Walker Family #2),Christian Fiction,£28.77,Two,In stock (7 available),524
Life of Pi,Default,£13.22,Four,In stock (7 available),525
Leave This Song Behind: Teen Poetry at Its Best,Poetry,£51.17,Five,In stock (7 available),526
King's Folly (The Kinsman Chronicles #1),Fantasy,£39.61,Five,In stock (7 available),527
John Adams,Add a comment,£57.43,Four,In stock (7 available),528
How to Cook Everything Vegetarian: Simple Meatless Recipes for Great Food (How to Cook Everything),Food and Drink,£46.01,Four,In stock (7 available),529
How to Be a Domestic Goddess: Baking and the Art of Comfort Cooking,Food and Drink,£28.25,Two,In stock (7 available),530
Good in Bed (Cannie Shapiro #1),Add a comment,£37.05,Five,In stock (7 available),531
"Fruits Basket, Vol. 7 (Fruits Basket #7)",Sequential Art,£19.57,One,In stock (7 available),532
For the Love: Fighting for Grace in a World of Impossible Standards,Nonfiction,£45.13,Three,In stock (7 available),533
Finding God in the Ruins: How God Redeems Pain,Nonfiction,£46.64,Two,In stock (7 available),534
Every Heart a Doorway (Every Heart A Doorway #1),Fantasy,£12.16,Five,In stock (7 available),535
Delivering the Truth (Quaker Midwife Mystery #1),Mystery,£20.89,Four,In stock (7 available),536
Counted With the Stars (Out from Egypt #1),Christian Fiction,£17.97,Five,In stock (7 available),537
"Chronicles, Vol. 1",Music,£52.60,Two,In stock (7 available),538
Blue Like Jazz: Nonreligious Thoughts on Christian Spirituality,Christian,£25.77,One,In stock (7 available),539
Benjamin Franklin: An American Life,Biography,£48.19,Three,In stock (7 available),540
"At The Existentialist CafÃ©: Freedom, Being, and apricot cocktails with: Jean-Paul Sartre, Simone de Beauvoir, Albert Camus, Martin Heidegger, Edmund Husserl, Karl Jaspers, Maurice Merleau-Ponty and others",Philosophy,£29.93,Five,In stock (7 available),541
A Summer In Europe,Travel,£44.34,Two,In stock (7 available),542
A Short History of Nearly Everything,History,£52.40,Five,In stock (7 available),543
A Gathering of Shadows (Shades of Magic #2),Fantasy,£44.81,Four,In stock (7 available),544
The Sound Of Love,Default,£57.84,Five,In stock (6 available),545
The Rise and Fall of the Third Reich: A History of Nazi Germany,History,£39.67,Two,In stock (6 available),546
The Perks of Being a Wallflower,Default,£55.02,Three,In stock (6 available),547
The Mysterious Affair at Styles (Hercule Poirot #1),Mystery,£24.80,Four,In stock (6 available),548
The Man Who Mistook His Wife for a Hat and Other Clinical Tales,Nonfiction,£59.45,Four,In stock (6 available),549
The Makings of a Fatherless Child,Default,£31.58,Two,In stock (6 available),550
The Joy of Cooking,Add a comment,£43.27,Four,In stock (6 available),551
The Invention of Wings,Historical Fiction,£37.34,One,In stock (6 available),552
The Hobbit (Middle-Earth Universe),Default,£17.80,Five,In stock (6 available),553
The Great Railway Bazaar,Travel,£30.54,One,In stock (6 available),554
The Golden Compass (His Dark Materials #1),Add a comment,£18.77,One,In stock (6 available),555
The God Delusion,Add a comment,£46.85,Three,In stock (6 available),556
The Girl You Left Behind (The Girl You Left Behind #1),Historical,£15.79,One,In stock (6 available),557
The Fellowship of the Ring (The Lord of the Rings #1),Default,£10.27,Two,In stock (6 available),558
The Collected Poems of W.B. Yeats (The Collected Works of W.B. Yeats #1),Poetry,£15.42,Five,In stock (6 available),559
The Barefoot Contessa Cookbook,Food and Drink,£59.92,Five,In stock (6 available),560
Tell the Wolves I'm Home,Young Adult,£50.96,Two,In stock (6 available),561
Ship Leaves Harbor: Essays on Travel by a Recovering Journeyman,Default,£30.60,Three,In stock (6 available),562
Pride and Prejudice,Add a comment,£19.27,Four,In stock (6 available),563
Musicophilia: Tales of Music and the Brain,Default,£46.58,One,In stock (6 available),564
Mere Christianity,Add a comment,£48.51,Three,In stock (6 available),565
Me Before You (Me Before You #1),Fiction,£19.02,One,In stock (6 available),566
In the Woods (Dublin Murder Squad #1),Mystery,£38.38,Two,In stock (6 available),567
In Cold Blood,Nonfiction,£49.98,Four,In stock (6 available),568
How to Stop Worrying and Start Living,Self Help,£46.49,Five,In stock (6 available),569
Give It Back,Thriller,£18.32,Two,In stock (6 available),570
"Girl, Interrupted",Nonfiction,£42.14,Three,In stock (6 available),571
Fun Home: A Family Tragicomic,Add a comment,£56.59,Four,In stock (6 available),572
"Fruits Basket, Vol. 6 (Fruits Basket #6)",Sequential Art,£20.96,Four,In stock (6 available),573
Deception Point,Fiction,£40.32,Four,In stock (6 available),574
"Death Note, Vol. 6: Give-and-Take (Death Note #6)",Sequential Art,£36.39,Three,In stock (6 available),575
Catherine the Great: Portrait of a Woman,History,£58.55,Four,In stock (6 available),576
Better Homes and Gardens New Cook Book,Food and Drink,£39.61,Three,In stock (6 available),577
An Unquiet Mind: A Memoir of Moods and Madness,Psychology,£21.30,Three,In stock (6 available),578
A Year in Provence (Provence #1),Travel,£56.88,Four,In stock (6 available),579
World Without End (The Pillars of the Earth #2),Historical Fiction,£32.97,Four,In stock (5 available),580
"Will Grayson, Will Grayson (Will Grayson, Will Grayson)",Young Adult,£47.31,Four,In stock (5 available),581
Why Save the Bankers?: And Other Essays on Our Economic and Political Crisis,Nonfiction,£48.67,Two,In stock (5 available),582
Where She Went (If I Stay #2),Young Adult,£41.73,Four,In stock (5 available),583
What If?: Serious Scientific Answers to Absurd Hypothetical Questions,Default,£53.68,Four,In stock (5 available),584
Two Summers,Young Adult,£14.64,One,In stock (5 available),585
This Is Your Brain on Music: The Science of a Human Obsession,Music,£38.40,One,In stock (5 available),586
The Secret Garden,Classics,£15.08,Four,In stock (5 available),587
The Raven King (The Raven Cycle #4),Add a comment,£30.57,Two,In stock (5 available),588
The Raven Boys (The Raven Cycle #1),Fantasy,£57.74,Four,In stock (5 available),589
The Power Greens Cookbook: 140 Delicious Superfood Recipes,Food and Drink,£11.05,Five,In stock (5 available),590
The Metamorphosis,Classics,£28.58,One,In stock (5 available),591
The Mathews Men: Seven Brothers and the War Against Hitler's U-boats,History,£42.91,Five,In stock (5 available),592
The Little Paris Bookshop,Fiction,£24.73,Three,In stock (5 available),593
The Hiding Place,History,£55.91,Four,In stock (5 available),594
The Grand Design,Science,£13.76,Three,In stock (5 available),595
The Firm,Fiction,£45.56,Three,In stock (5 available),596
The Fault in Our Stars,Default,£47.22,One,In stock (5 available),597
The False Prince (The Ascendance Trilogy #1),Fantasy,£56.00,Five,In stock (5 available),598
The Expatriates,Fiction,£44.58,Two,In stock (5 available),599
The Dream Thieves (The Raven Cycle #2),Default,£34.50,One,In stock (5 available),600
The Darkest Corners,Young Adult,£11.33,Five,In stock (5 available),601
The Crossover,Poetry,£38.77,Four,In stock (5 available),602
The 5th Wave (The 5th Wave #1),Default,£11.83,Two,In stock (5 available),603
Tell the Wind and Fire,Fantasy,£45.51,Three,In stock (5 available),604
Tell Me Three Things,Young Adult,£41.81,One,In stock (5 available),605
Talking to Girls About Duran Duran: One Young Man's Quest for True Love and a Cooler Haircut,Nonfiction,£25.15,Four,In stock (5 available),606
Siddhartha,Fiction,£34.22,Five,In stock (5 available),607
Shiver (The Wolves of Mercy Falls #1),Default,£16.23,Five,In stock (5 available),608
Remember Me?,Default,£11.48,Three,In stock (5 available),609
Red Dragon (Hannibal Lecter #1),Horror,£23.37,Three,In stock (5 available),610
Peak: Secrets from the New Science of Expertise,Science,£16.28,Two,In stock (5 available),611
My Mother Was Nuts,Nonfiction,£31.63,Four,In stock (5 available),612
Mexican Today: New and Rediscovered Recipes for Contemporary Kitchens,Food and Drink,£24.91,Five,In stock (5 available),613
Maybe Something Beautiful: How Art Transformed a Neighborhood,Childrens,£22.54,One,In stock (5 available),614
Lola and the Boy Next Door (Anna and the French Kiss #2),Young Adult,£23.63,Four,In stock (5 available),615
Logan Kade (Fallen Crest High #5.5),Academic,£13.12,Two,In stock (5 available),616
Last One Home (New Beginnings #1),Fiction,£59.98,Three,In stock (5 available),617
Killing Floor (Jack Reacher #1),Thriller,£31.49,Four,In stock (5 available),618
Kill the Boy Band,Young Adult,£15.52,Five,In stock (5 available),619
Isla and the Happily Ever After (Anna and the French Kiss #3),Young Adult,£48.13,Five,In stock (5 available),620
If I Stay (If I Stay #1),Default,£38.13,Five,In stock (5 available),621
I Know Why the Caged Bird Sings (Maya Angelou's Autobiography #1),Default,£36.55,Two,In stock (5 available),622
Harry Potter and the Deathly Hallows (Harry Potter #7),Default,£23.32,One,In stock (5 available),623
"Fruits Basket, Vol. 5 (Fruits Basket #5)",Sequential Art,£16.33,One,In stock (5 available),624
Foundation (Foundation (Publication Order) #1),Science Fiction,£32.42,One,In stock (5 available),625
Fool Me Once,Default,£16.96,One,In stock (5 available),626
Find Her (Detective D.D. Warren #8),Add a comment,£22.37,One,In stock (5 available),627
Evicted: Poverty and Profit in the American City,Add a comment,£42.27,One,In stock (5 available),628
Drama,Default,£38.70,Two,In stock (5 available),629
Dracula the Un-Dead,Horror,£35.63,Five,In stock (5 available),630
Digital Fortress,Fiction,£58.00,Five,In stock (5 available),631
"Death Note, Vol. 5: Whiteout (Death Note #5)",Sequential Art,£52.41,One,In stock (5 available),632
"Data, A Love Story: How I Gamed Online Dating to Meet My Match",Nonfiction,£32.35,Three,In stock (5 available),633
Critique of Pure Reason,Philosophy,£20.75,One,In stock (5 available),634
Booked,Poetry,£17.49,Five,In stock (5 available),635
"Blue Lily, Lily Blue (The Raven Cycle #3)",Default,£34.13,Five,In stock (5 available),636
Approval Junkie: Adventures in Caring Too Much,Autobiography,£58.81,Five,In stock (5 available),637
An Abundance of Katherines,Young Adult,£10.00,Five,In stock (5 available),638
America's War for the Greater Middle East: A Military History,History,£51.22,Two,In stock (5 available),639
Alight (The Generations Trilogy #2),Default,£58.59,Four,In stock (5 available),640
A Girl's Guide to Moving On (New Beginnings #2),Romance,£31.30,One,In stock (5 available),641
A Game of Thrones (A Song of Ice and Fire #1),Add a comment,£46.42,Two,In stock (5 available),642
A Feast for Crows (A Song of Ice and Fire #4),Fantasy,£17.21,Four,In stock (5 available),643
A Clash of Kings (A Song of Ice and Fire #2),Add a comment,£10.79,Three,In stock (5 available),644
Vogue Colors A to Z: A Fashion Coloring Book,Default,£52.35,Four,In stock (4 available),645
The Shining (The Shining #1),Default,£27.88,Three,In stock (4 available),646
The Pilgrim's Progress,Classics,£50.26,Two,In stock (4 available),647
The Perfect Play (Play by Play #1),Romance,£59.99,Three,In stock (4 available),648
The Passion of Dolssa,Historical Fiction,£28.32,Five,In stock (4 available),649
The Jazz of Physics: The Secret Link Between Music and the Structure of the Universe,Nonfiction,£38.71,Three,In stock (4 available),650
The Hunger Games (The Hunger Games #1),Default,£29.85,Five,In stock (4 available),651
The Hound of the Baskervilles (Sherlock Holmes #5),Classics,£14.82,Two,In stock (4 available),652
The Gunning of America: Business and the Making of American Gun Culture,Nonfiction,£16.81,Four,In stock (4 available),653
The Geography of Bliss: One Grump's Search for the Happiest Places in the World,Nonfiction,£28.23,Two,In stock (4 available),654
The Demonists (Demonist #1),Fantasy,£52.11,Two,In stock (4 available),655
"The Demon Prince of Momochi House, Vol. 4 (The Demon Prince of Momochi House #4)",Sequential Art,£27.88,Two,In stock (4 available),656
The Bone Hunters (Lexy Vaughan & Steven Macaulay #2),Thriller,£59.71,Three,In stock (4 available),657
The Beast (Black Dagger Brotherhood #14),Fantasy,£46.08,Five,In stock (4 available),658
Some Women,Womens Fiction,£13.73,Five,In stock (4 available),659
Shopaholic Ties the Knot (Shopaholic #3),Womens Fiction,£48.39,Five,In stock (4 available),660
Paper and Fire (The Great Library #2),Fantasy,£49.45,Five,In stock (4 available),661
Outlander (Outlander #1),Default,£19.67,Five,In stock (4 available),662
"Orchestra of Exiles: The Story of Bronislaw Huberman, the Israel Philharmonic, and the One Thousand Jews He Saved from Nazi Horrors",Music,£12.36,Three,In stock (4 available),663
No One Here Gets Out Alive,Music,£20.02,Five,In stock (4 available),664
Night Shift (Night Shift #1-20),Horror,£12.75,Four,In stock (4 available),665
Needful Things,Horror,£47.51,Four,In stock (4 available),666
Mockingjay (The Hunger Games #3),Default,£20.44,Four,In stock (4 available),667
Misery,Horror,£34.79,Two,In stock (4 available),668
Little Women (Little Women #1),Classics,£28.07,Four,In stock (4 available),669
It,Horror,£25.01,Three,In stock (4 available),670
Harry Potter and the Sorcerer's Stone (Harry Potter #1),Default,£13.90,Three,In stock (4 available),671
Harry Potter and the Prisoner of Azkaban (Harry Potter #3),Young Adult,£24.17,Four,In stock (4 available),672
Harry Potter and the Order of the Phoenix (Harry Potter #5),Fantasy,£31.63,Four,In stock (4 available),673
Harry Potter and the Half-Blood Prince (Harry Potter #6),Fantasy,£48.75,Five,In stock (4 available),674
Harry Potter and the Chamber of Secrets (Harry Potter #2),Fantasy,£14.74,One,In stock (4 available),675
Gone with the Wind,Classics,£32.49,Three,In stock (4 available),676
God Is Not Great: How Religion Poisons Everything,Nonfiction,£27.80,One,In stock (4 available),677
Girl With a Pearl Earring,Historical Fiction,£26.77,One,In stock (4 available),678
"Fruits Basket, Vol. 4 (Fruits Basket #4)",Sequential Art,£50.44,Four,In stock (4 available),679
Far From True (Promise Falls Trilogy #2),Thriller,£34.93,Two,In stock (4 available),680
Dark Lover (Black Dagger Brotherhood #1),Romance,£12.87,One,In stock (4 available),681
Confessions of a Shopaholic (Shopaholic #1),Default,£48.94,Two,In stock (4 available),682
Changing the Game (Play by Play #2),Romance,£13.38,Three,In stock (4 available),683
Candide,Classics,£58.63,Three,In stock (4 available),684
Can You Keep a Secret?,Womens Fiction,£21.94,One,In stock (4 available),685
Atlas Shrugged,Fiction,£26.58,Five,In stock (4 available),686
Animal Farm,Classics,£57.22,Three,In stock (4 available),687
A Walk to Remember,Romance,£56.43,One,In stock (4 available),688
A New Earth: Awakening to Your Life's Purpose,Spirituality,£55.65,Five,In stock (4 available),689
"A History of God: The 4,000-Year Quest of Judaism, Christianity, and Islam",Religion,£27.62,One,In stock (4 available),690
'Salem's Lot,Horror,£49.56,Four,In stock (4 available),691
Zero History (Blue Ant #3),Default,£34.77,One,In stock (3 available),692
Wuthering Heights,Classics,£17.73,Three,In stock (3 available),693
World War Z: An Oral History of the Zombie War,Default,£21.80,One,In stock (3 available),694
Wild: From Lost to Found on the Pacific Crest Trail,Default,£46.02,Three,In stock (3 available),695
"Where'd You Go, Bernadette",Default,£18.13,One,In stock (3 available),696
When You Are Engulfed in Flames,Humor,£30.89,Five,In stock (3 available),697
We the People: The Modern-Day Figures Who Have Reshaped and Affirmed the Founding Fathers' Vision of America,Nonfiction,£31.95,Three,In stock (3 available),698
We Are All Completely Beside Ourselves,Contemporary,£24.04,One,In stock (3 available),699
Walk the Edge (Thunder Road #2),Young Adult,£32.36,Three,In stock (3 available),700
Voyager (Outlander #3),Historical Fiction,£21.07,Five,In stock (3 available),701
Very Good Lives: The Fringe Benefits of Failure and the Importance of Imagination,Nonfiction,£50.66,Three,In stock (3 available),702
Vegan Vegetarian Omnivore: Dinner for Everyone at the Table,Food and Drink,£13.66,Two,In stock (3 available),703
"Unstuffed: Decluttering Your Home, Mind, and Soul",Nonfiction,£58.09,One,In stock (3 available),704
Under the Banner of Heaven: A Story of Violent Faith,Nonfiction,£30.00,One,In stock (3 available),705
Two Boys Kissing,Young Adult,£32.74,Two,In stock (3 available),706
Twilight (Twilight #1),Default,£41.93,Two,In stock (3 available),707
Twenties Girl,Womens Fiction,£42.80,Two,In stock (3 available),708
"Trespassing Across America: One Man's Epic, Never-Done-Before (and Sort of Illegal) Hike Across the Heartland",Nonfiction,£53.51,One,In stock (3 available),709
Three-Martini Lunch,Fiction,£23.21,Three,In stock (3 available),710
"Thinking, Fast and Slow",Psychology,£21.14,One,In stock (3 available),711
The Wild Robot,Childrens,£56.07,Three,In stock (3 available),712
"The Wicked + The Divine, Vol. 3: Commercial Suicide (The Wicked + The Divine)",Sequential Art,£14.41,Three,In stock (3 available),713
The Undomestic Goddess,Womens Fiction,£45.75,Four,In stock (3 available),714
The Travelers,Thriller,£15.77,One,In stock (3 available),715
The Tipping Point: How Little Things Can Make a Big Difference,Add a comment,£10.02,Two,In stock (3 available),716
The Thing About Jellyfish,Childrens,£48.77,One,In stock (3 available),717
The Stand,Horror,£57.86,Two,In stock (3 available),718
The Smitten Kitchen Cookbook,Food and Drink,£23.59,One,In stock (3 available),719
The Silkworm (Cormoran Strike #2),Mystery,£23.05,Five,In stock (3 available),720
"The Sandman, Vol. 3: Dream Country (The Sandman (volumes) #3)",Sequential Art,£55.55,Five,In stock (3 available),721
The Rose & the Dagger (The Wrath and the Dawn #2),Fantasy,£58.64,Four,In stock (3 available),722
The Road to Little Dribbling: Adventures of an American in Britain (Notes From a Small Island #2),Travel,£23.21,One,In stock (3 available),723
The Rise of Theodore Roosevelt (Theodore Roosevelt #1),Biography,£42.57,Three,In stock (3 available),724
The Restaurant at the End of the Universe (Hitchhiker's Guide to the Galaxy #2),Science Fiction,£10.92,One,In stock (3 available),725
The Rest Is Noise: Listening to the Twentieth Century,Add a comment,£34.77,One,In stock (3 available),726
The Red Tent,Historical Fiction,£35.66,Five,In stock (3 available),727
The Purpose Driven Life: What on Earth Am I Here for?,Add a comment,£37.19,Three,In stock (3 available),728
The Purest Hook (Second Circle Tattoos #3),Romance,£12.25,One,In stock (3 available),729
The Picture of Dorian Gray,Classics,£29.70,Two,In stock (3 available),730
The Paris Wife,Default,£36.80,Three,In stock (3 available),731
The Obsession,Romance,£45.43,One,In stock (3 available),732
The Nightingale,Fiction,£26.26,Four,In stock (3 available),733
The New Guy (and Other Senior Year Distractions),Young Adult,£44.92,Three,In stock (3 available),734
The Nanny Diaries (Nanny #1),Womens Fiction,£52.53,Five,In stock (3 available),735
The Name of God is Mercy,Nonfiction,£37.25,Two,In stock (3 available),736
The Maze Runner (The Maze Runner #1),Default,£20.93,One,In stock (3 available),737
The Lover's Dictionary,Default,£58.09,Two,In stock (3 available),738
The Lonely Ones,Childrens,£43.59,Five,In stock (3 available),739
The Lean Startup: How Today's Entrepreneurs Use Continuous Innovation to Create Radically Successful Businesses,Business,£33.92,Three,In stock (3 available),740
The Last Painting of Sara de Vos,Historical Fiction,£55.55,Two,In stock (3 available),741
"The Land of 10,000 Madonnas",Young Adult,£29.64,Four,In stock (3 available),742
The Infinities,Fiction,£27.41,One,In stock (3 available),743
The Husband's Secret,Fiction,£52.51,Five,In stock (3 available),744
The Hitchhiker's Guide to the Galaxy (Hitchhiker's Guide to the Galaxy #1),Add a comment,£47.80,Three,In stock (3 available),745
The Guns of August,History,£14.54,Two,In stock (3 available),746
The Guernsey Literary and Potato Peel Pie Society,Historical Fiction,£49.53,One,In stock (3 available),747
The Goldfinch,Default,£43.58,Three,In stock (3 available),748
The Giver (The Giver Quartet #1),Default,£12.30,One,In stock (3 available),749
The Girl with All the Gifts,Horror,£49.47,Three,In stock (3 available),750
The Girl Who Played with Fire (Millennium Trilogy #2),Default,£22.14,Two,In stock (3 available),751
The Girl Who Kicked the Hornet's Nest (Millennium Trilogy #3),Add a comment,£57.48,One,In stock (3 available),752
The Exiled,Mystery,£43.45,Three,In stock (3 available),753
"The End of Faith: Religion, Terror, and the Future of Reason",Add a comment,£22.13,Four,In stock (3 available),754
"The Elegant Universe: Superstrings, Hidden Dimensions, and the Quest for the Ultimate Theory",Science,£13.03,Four,In stock (3 available),755
"The Disappearing Spoon: And Other True Tales of Madness, Love, and the History of the World from the Periodic Table of the Elements",Science,£57.35,Five,In stock (3 available),756
The Devil Wears Prada (The Devil Wears Prada #1),Womens Fiction,£44.29,One,In stock (3 available),757
The Demon-Haunted World: Science as a Candle in the Dark,Default,£52.25,Four,In stock (3 available),758
The Day the Crayons Came Home (Crayons),Childrens,£26.33,Five,In stock (3 available),759
The Da Vinci Code (Robert Langdon #2),Fiction,£22.96,Two,In stock (3 available),760
The Cuckoo's Calling (Cormoran Strike #1),Mystery,£19.21,One,In stock (3 available),761
The Complete Stories and Poems (The Works of Edgar Allan Poe [Cameo Edition]),Classics,£26.78,Four,In stock (3 available),762
The Complete Poems,Add a comment,£41.32,Five,In stock (3 available),763
The Catcher in the Rye,Add a comment,£24.55,One,In stock (3 available),764
The Cat in the Hat (Beginner Books B-1),Childrens,£16.26,Two,In stock (3 available),765
The Case for Christ (Cases for Christianity),Add a comment,£47.84,One,In stock (3 available),766
The Book Thief,Default,£53.49,Two,In stock (3 available),767
The Book of Basketball: The NBA According to The Sports Guy,Sports and Games,£44.84,Five,In stock (3 available),768
The Blind Side: Evolution of a Game,Add a comment,£53.71,Five,In stock (3 available),769
The Autobiography of Malcolm X,Default,£23.43,Two,In stock (3 available),770
"The Art of Simple Food: Notes, Lessons, and Recipes from a Delicious Revolution",Food and Drink,£34.32,Three,In stock (3 available),771
The Art of Fielding,Fiction,£22.10,One,In stock (3 available),772
"Surely You're Joking, Mr. Feynman!: Adventures of a Curious Character",Science,£25.83,Two,In stock (3 available),773
Stiff: The Curious Lives of Human Cadavers,Nonfiction,£36.74,Three,In stock (3 available),774
Spilled Milk: Based on a True Story,Nonfiction,£49.51,One,In stock (3 available),775
Something Borrowed (Darcy & Rachel #1),Womens Fiction,£48.96,Five,In stock (3 available),776
Something Blue (Darcy & Rachel #2),Womens Fiction,£54.62,One,In stock (3 available),777
Soldier (Talon #3),Fantasy,£24.72,Two,In stock (3 available),778
Shopaholic & Baby (Shopaholic #5),Default,£46.45,Two,In stock (3 available),779
Seven Days in the Art World,Add a comment,£52.33,Two,In stock (3 available),780
Seven Brief Lessons on Physics,Science,£30.60,Four,In stock (3 available),781
Scarlet (The Lunar Chronicles #2),Young Adult,£14.57,Four,In stock (3 available),782
Sarah's Key,Add a comment,£46.29,One,In stock (3 available),783
"Saga, Volume 3 (Saga (Collected Editions) #3)",Sequential Art,£21.57,Five,In stock (3 available),784
Running with Scissors,Autobiography,£12.91,Four,In stock (3 available),785
Rogue Lawyer (Rogue Lawyer #1),Add a comment,£50.11,Three,In stock (3 available),786
"Rise of the Rocket Girls: The Women Who Propelled Us, from Missiles to the Moon to Mars",Nonfiction,£41.67,Four,In stock (3 available),787
Rework,Business,£44.88,Two,In stock (3 available),788
Reservations for Two,Romance,£11.10,Three,In stock (3 available),789
Red: The True Story of Red Riding Hood,Childrens,£28.54,Three,In stock (3 available),790
Ready Player One,Science Fiction,£19.07,Four,In stock (3 available),791
Quiet: The Power of Introverts in a World That Can't Stop Talking,Default,£43.55,One,In stock (3 available),792
Prodigy: The Graphic Novel (Legend: The Graphic Novel #2),Sequential Art,£43.63,Three,In stock (3 available),793
Persepolis: The Story of a Childhood (Persepolis #1-2),Sequential Art,£39.13,One,In stock (3 available),794
Packing for Mars: The Curious Science of Life in the Void,Default,£56.68,Two,In stock (3 available),795
Outliers: The Story of Success,Nonfiction,£14.16,One,In stock (3 available),796
Original Fake,Sequential Art,£31.45,Three,In stock (3 available),797
Orange Is the New Black,Default,£24.61,Two,In stock (3 available),798
One for the Money (Stephanie Plum #1),Default,£32.87,Two,In stock (3 available),799
Notes from a Small Island (Notes From a Small Island #1),Nonfiction,£40.17,One,In stock (3 available),800
Night (The Night Trilogy #1),Nonfiction,£13.51,One,In stock (3 available),801
Neither Here nor There: Travels in Europe,Travel,£38.95,Three,In stock (3 available),802
Naked,Humor,£31.69,Three,In stock (3 available),803
Morning Star (Red Rising #3),Default,£29.40,One,In stock (3 available),804
"Miracles from Heaven: A Little Girl, Her Journey to Heaven, and Her Amazing Story of Healing",Nonfiction,£57.83,One,In stock (3 available),805
Midnight Riot (Peter Grant/ Rivers of London - books #1),Fantasy,£55.46,Two,In stock (3 available),806
Me Talk Pretty One Day,Autobiography,£57.60,Two,In stock (3 available),807
Manuscript Found in Accra,Add a comment,£34.98,Two,In stock (3 available),808
Lust & Wonder,Autobiography,£11.87,Two,In stock (3 available),809
Lila (Gilead #3),Fiction,£12.47,Three,In stock (3 available),810
"Life, the Universe and Everything (Hitchhiker's Guide to the Galaxy #3)",Science Fiction,£33.26,Two,In stock (3 available),811
Life Without a Recipe,Autobiography,£59.04,Five,In stock (3 available),812
Life After Life,Default,£26.13,Two,In stock (3 available),813
Letter to a Christian Nation,Nonfiction,£22.20,One,In stock (3 available),814
Let's Pretend This Never Happened: A Mostly True Memoir,Nonfiction,£45.11,One,In stock (3 available),815
Legend (Legend #1),Young Adult,£43.69,Four,In stock (3 available),816
"Lean In: Women, Work, and the Will to Lead",Default,£25.02,One,In stock (3 available),817
"Lamb: The Gospel According to Biff, Christ's Childhood Pal",Humor,£55.50,Five,In stock (3 available),818
Lady Renegades (Rebel Belle #3),Young Adult,£53.04,Five,In stock (3 available),819
Jurassic Park (Jurassic Park #1),Fiction,£44.97,One,In stock (3 available),820
It's Never Too Late to Begin Again: Discovering Creativity and Meaning at Midlife and Beyond,Nonfiction,£42.38,One,In stock (3 available),821
Is Everyone Hanging Out Without Me? (And Other Concerns),Default,£20.11,Three,In stock (3 available),822
Into the Wild,Nonfiction,£56.70,Five,In stock (3 available),823
Inferno (Robert Langdon #4),Fiction,£41.00,Five,In stock (3 available),824
"In the Garden of Beasts: Love, Terror, and an American Family in Hitler's Berlin",Nonfiction,£28.85,Three,In stock (3 available),825
If I Run (If I Run #1),Christian Fiction,£49.97,Four,In stock (3 available),826
I've Got Your Number,Womens Fiction,£19.69,One,In stock (3 available),827
I Am Malala: The Girl Who Stood Up for Education and Was Shot by the Taliban,Nonfiction,£28.88,Two,In stock (3 available),828
Hungry Girl Clean & Hungry: Easy All-Natural Recipes for Healthy Eating in the Real World,Food and Drink,£33.14,Three,In stock (3 available),829
"House of Lost Worlds: Dinosaurs, Dynasties, and the Story of Life on Earth",History,£43.70,Two,In stock (3 available),830
House of Leaves,Horror,£54.89,One,In stock (3 available),831
Horrible Bear!,Childrens,£37.52,Two,In stock (3 available),832
Holidays on Ice,Humor,£51.07,Two,In stock (3 available),833
Heir to the Sky,Fantasy,£44.07,Four,In stock (3 available),834
Green Eggs and Ham (Beginner Books B-16),Childrens,£10.79,Four,In stock (3 available),835
"Grayson, Vol 3: Nemesis (Grayson #3)",Sequential Art,£42.72,One,In stock (3 available),836
Gratitude,Nonfiction,£26.66,Five,In stock (3 available),837
Gone Girl,Default,£37.60,Five,In stock (3 available),838
Golden (Heart of Dread #3),Young Adult,£42.21,Four,In stock (3 available),839
Girl in the Blue Coat,Historical Fiction,£46.83,Two,In stock (3 available),840
"Fruits Basket, Vol. 3 (Fruits Basket #3)",Sequential Art,£45.17,Two,In stock (3 available),841
"Friday Night Lights: A Town, a Team, and a Dream",Sports and Games,£51.22,Three,In stock (3 available),842
Fire Bound (Sea Haven/Sisters of the Heart #5),Add a comment,£21.28,Four,In stock (3 available),843
Fifty Shades Freed (Fifty Shades #3),Adult Fiction,£15.36,Five,In stock (3 available),844
Fellside,Default,£38.62,One,In stock (3 available),845
Extreme Prey (Lucas Davenport #26),Mystery,£25.40,Three,In stock (3 available),846
Eragon (The Inheritance Cycle #1),Fantasy,£43.87,Three,In stock (3 available),847
Eclipse (Twilight #3),Default,£18.74,One,In stock (3 available),848
Dune (Dune #1),Science Fiction,£54.86,One,In stock (3 available),849
Dracula,Default,£52.62,Three,In stock (3 available),850
Do Androids Dream of Electric Sheep? (Blade Runner #1),Science Fiction,£51.48,One,In stock (3 available),851
Disrupted: My Misadventure in the Start-Up Bubble,Nonfiction,£15.28,Five,In stock (3 available),852
Dead Wake: The Last Crossing of the Lusitania,Default,£39.24,Five,In stock (3 available),853
"David and Goliath: Underdogs, Misfits, and the Art of Battling Giants",Default,£17.81,One,In stock (3 available),854
Darkfever (Fever #1),Fantasy,£56.02,One,In stock (3 available),855
Dark Places,Default,£23.90,Five,In stock (3 available),856
Crazy Rich Asians (Crazy Rich Asians #1),Fiction,£49.13,Five,In stock (3 available),857
Counting Thyme,Childrens,£10.62,One,In stock (3 available),858
Cosmos,Add a comment,£36.17,Two,In stock (3 available),859
Civilization and Its Discontents,Psychology,£59.95,Two,In stock (3 available),860
Cinder (The Lunar Chronicles #1),Young Adult,£26.09,One,In stock (3 available),861
Catastrophic Happiness: Finding Joy in Childhood's Messy Years,Parenting,£37.35,Two,In stock (3 available),862
Career of Evil (Cormoran Strike #3),Mystery,£24.72,Two,In stock (3 available),863
Breaking Dawn (Twilight #4),Default,£35.28,Five,In stock (3 available),864
Brave Enough,Nonfiction,£51.32,Five,In stock (3 available),865
Boy Meets Boy,Young Adult,£21.12,Three,In stock (3 available),866
"Born to Run: A Hidden Tribe, Superathletes, and the Greatest Race the World Has Never Seen",Nonfiction,£27.35,Two,In stock (3 available),867
Blink: The Power of Thinking Without Thinking,Nonfiction,£21.74,Five,In stock (3 available),868
Black Flags: The Rise of ISIS,Nonfiction,£40.87,One,In stock (3 available),869
"Black Butler, Vol. 1 (Black Butler #1)",Sequential Art,£49.31,One,In stock (3 available),870
Big Little Lies,Fiction,£22.11,One,In stock (3 available),871
Between Shades of Gray,Historical Fiction,£20.79,Five,In stock (3 available),872
Best of My Love (Fool's Gold #20),Romance,£27.41,Two,In stock (3 available),873
Beowulf,Classics,£38.35,Two,In stock (3 available),874
Beautiful Creatures (Caster Chronicles #1),Default,£21.55,Five,In stock (3 available),875
Awkward,Sequential Art,£38.02,Two,In stock (3 available),876
Ash,Fantasy,£22.06,Four,In stock (3 available),877
Are We There Yet?,Childrens,£10.66,Three,In stock (3 available),878
Are We Smart Enough to Know How Smart Animals Are?,Nonfiction,£56.58,One,In stock (3 available),879
Annie on My Mind,Young Adult,£36.83,Five,In stock (3 available),880
And Then There Were None,Classics,£35.01,Two,In stock (3 available),881
A Walk in the Woods: Rediscovering America on the Appalachian Trail,Nonfiction,£30.48,Four,In stock (3 available),882
A Visit from the Goon Squad,Default,£14.08,Five,In stock (3 available),883
A Storm of Swords (A Song of Ice and Fire #3),Fantasy,£31.22,Two,In stock (3 available),884
A Heartbreaking Work of Staggering Genius,Autobiography,£54.29,Five,In stock (3 available),885
8 Keys to Mental Health Through Exercise,Psychology,£31.04,One,In stock (3 available),886
#GIRLBOSS,Add a comment,£50.96,One,In stock (3 available),887
"The Suffragettes (Little Black Classics, #96)",Nonfiction,£11.89,Two,In stock (2 available),888
The Sense of an Ending,Add a comment,£31.38,Three,In stock (2 available),889
"The Sandman, Vol. 2: The Doll's House (The Sandman (volumes) #2)",Sequential Art,£54.81,One,In stock (2 available),890
The Course of Love,Fiction,£16.78,Three,In stock (2 available),891
Sugar Rush (Offensive Line #2),Sports and Games,£24.42,One,In stock (2 available),892
"Saga, Volume 2 (Saga (Collected Editions) #2)",Sequential Art,£11.75,Three,In stock (2 available),893
"Run, Spot, Run: The Ethics of Keeping Pets",Philosophy,£20.02,One,In stock (2 available),894
New Moon (Twilight #2),Young Adult,£12.86,Four,In stock (2 available),895
Life,Music,£31.58,Five,In stock (2 available),896
Kindle Paperwhite User's Guide,Nonfiction,£34.00,Three,In stock (2 available),897
H is for Hawk,Nonfiction,£57.42,Five,In stock (2 available),898
Girl Online On Tour (Girl Online #2),Young Adult,£53.47,One,In stock (2 available),899
"Fruits Basket, Vol. 2 (Fruits Basket #2)",Sequential Art,£11.64,Five,In stock (2 available),900
Diary of a Minecraft Zombie Book 1: A Scare of a Dare (An Unofficial Minecraft Book),Childrens,£52.88,Four,In stock (2 available),901
"Y: The Last Man, Vol. 1: Unmanned (Y: The Last Man #1)",Sequential Art,£18.51,Four,In stock (1 available),902
While You Were Mine,Historical Fiction,£41.32,Five,In stock (1 available),903
Where Lightning Strikes (Bleeding Stars #3),Romance,£39.77,Three,In stock (1 available),904
When I'm Gone,Fiction,£51.96,Three,In stock (1 available),905
Ways of Seeing,Art,£39.51,Five,In stock (1 available),906
"Vampire Knight, Vol. 1 (Vampire Knight #1)",Paranormal,£15.40,One,In stock (1 available),907
Vampire Girl (Vampire Girl #1),Fantasy,£53.82,Two,In stock (1 available),908
Twenty Love Poems and a Song of Despair,Poetry,£30.95,Four,In stock (1 available),909
Travels with Charley: In Search of America,Nonfiction,£57.82,Five,In stock (1 available),910
Three Wishes (River of Time: California #1),Science Fiction,£44.18,Two,In stock (1 available),911
This One Moment (Pushing Limits #1),Romance,£48.71,One,In stock (1 available),912
The Zombie Room,Default,£19.69,Five,In stock (1 available),913
"The Wicked + The Divine, Vol. 1: The Faust Act (The Wicked + The Divine)",Sequential Art,£36.52,Two,In stock (1 available),914
The Tumor,Nonfiction,£41.56,Five,In stock (1 available),915
The Story of Hong Gildong,Classics,£43.19,Four,In stock (1 available),916
The Silent Wife,Fiction,£12.34,Five,In stock (1 available),917
The Silent Twin (Detective Jennifer Knight #3),Fantasy,£36.25,Three,In stock (1 available),918
The Selfish Gene,Science,£29.45,One,In stock (1 available),919
The Secret Healer,Historical Fiction,£34.56,Three,In stock (1 available),920
"The Sandman, Vol. 1: Preludes and Nocturnes (The Sandman (volumes) #1)",Sequential Art,£54.12,Three,In stock (1 available),921
The Republic,Add a comment,£33.78,Three,In stock (1 available),922
The Odyssey,Add a comment,£29.64,Three,In stock (1 available),923
The No. 1 Ladies' Detective Agency (No. 1 Ladies' Detective Agency #1),Mystery,£57.70,Four,In stock (1 available),924
The Nicomachean Ethics,Philosophy,£36.34,One,In stock (1 available),925
The Name of the Wind (The Kingkiller Chronicle #1),Default,£50.59,Three,In stock (1 available),926
The Mirror & the Maze (The Wrath and the Dawn #1.5),Fantasy,£29.38,One,In stock (1 available),927
The Little Prince,Classics,£45.42,Two,In stock (1 available),928
The Light of the Fireflies,Add a comment,£54.43,One,In stock (1 available),929
The Last Girl (The Dominion Trilogy #1),Science Fiction,£36.26,Two,In stock (1 available),930
The Iliad,Add a comment,£16.16,One,In stock (1 available),931
The Hook Up (Game On #1),New Adult,£36.29,Five,In stock (1 available),932
The Haters,Young Adult,£27.89,Five,In stock (1 available),933
The Girl You Lost,Mystery,£12.29,Five,In stock (1 available),934
The Girl In The Ice (DCI Erika Foster #1),Mystery,£15.85,Three,In stock (1 available),935
The End of the Jesus Era (An Investigation #1),Nonfiction,£14.40,One,In stock (1 available),936
The Edge of Reason (Bridget Jones #2),Womens Fiction,£19.18,Four,In stock (1 available),937
The Complete Maus (Maus #1-2),Sequential Art,£10.64,Three,In stock (1 available),938
The Communist Manifesto,Add a comment,£14.76,Three,In stock (1 available),939
The Bhagavad Gita,Religion,£57.49,Three,In stock (1 available),940
The Bette Davis Club,Fiction,£30.66,Three,In stock (1 available),941
The Art of Not Breathing,Young Adult,£40.83,Four,In stock (1 available),942
Taking Shots (Assassins #1),Default,£18.88,Two,In stock (1 available),943
Starlark,Historical Fiction,£25.83,Three,In stock (1 available),944
"Skip Beat!, Vol. 01 (Skip Beat! #1)",Sequential Art,£42.12,Three,In stock (1 available),945
Sister Sable (The Mad Queen #1),Fantasy,£13.33,Three,In stock (1 available),946
Shatter Me (Shatter Me #1),Default,£42.40,One,In stock (1 available),947
Shameless,New Adult,£58.35,Three,In stock (1 available),948
Shadow Rites (Jane Yellowrock #10),Fantasy,£21.72,Four,In stock (1 available),949
Settling the Score (The Summer Games #1),Sports and Games,£44.91,Two,In stock (1 available),950
Sense and Sensibility,Classics,£37.46,One,In stock (1 available),951
"Saga, Volume 1 (Saga (Collected Editions) #1)",Sequential Art,£28.48,One,In stock (1 available),952
"Rhythm, Chord & Malykhin",Romance,£28.34,Two,In stock (1 available),953
"Rat Queens, Vol. 1: Sass & Sorcery (Rat Queens (Collected Editions) #1-5)",Sequential Art,£46.96,Five,In stock (1 available),954
Paradise Lost (Paradise #1),Default,£24.96,One,In stock (1 available),955
"Paper Girls, Vol. 1 (Paper Girls #1-5)",Sequential Art,£21.71,Four,In stock (1 available),956
"Ouran High School Host Club, Vol. 1 (Ouran High School Host Club #1)",Sequential Art,£29.87,Three,In stock (1 available),957
Origins (Alphas 0.5),Fantasy,£28.99,One,In stock (1 available),958
One Second (Seven #7),Fantasy,£52.94,Two,In stock (1 available),959
On the Road (Duluoz Legend),Default,£32.36,Three,In stock (1 available),960
Old Records Never Die: One Man's Quest for His Vinyl and His Past,Music,£55.66,Two,In stock (1 available),961
Off Sides (Off #1),New Adult,£39.45,Five,In stock (1 available),962
Of Mice and Men,Classics,£47.11,Two,In stock (1 available),963
Myriad (Prentor #1),Fantasy,£58.75,Four,In stock (1 available),964
My Perfect Mistake (Over the Top #1),Romance,£38.92,Two,In stock (1 available),965
"Ms. Marvel, Vol. 1: No Normal (Ms. Marvel (2014-2015) #1)",Sequential Art,£39.39,Four,In stock (1 available),966
Meditations,Philosophy,£25.89,Two,In stock (1 available),967
Matilda,Childrens,£28.34,One,In stock (1 available),968
Lost Among the Living,Historical Fiction,£27.70,Four,In stock (1 available),969
Lord of the Flies,Add a comment,£24.89,Three,In stock (1 available),970
Listen to Me (Fusion #1),Romance,£58.99,Three,In stock (1 available),971
Kitchens of the Great Midwest,Fiction,£57.20,Five,In stock (1 available),972
Jane Eyre,Default,£38.43,Five,In stock (1 available),973
Imperfect Harmony,Romance,£34.74,Four,In stock (1 available),974
Icing (Aces Hockey #2),Sports and Games,£40.44,Four,In stock (1 available),975
"Hawkeye, Vol. 1: My Life as a Weapon (Hawkeye #1)",Sequential Art,£45.24,Three,In stock (1 available),976
Having the Barbarian's Baby (Ice Planet Barbarians #7.5),Science Fiction,£34.96,Four,In stock (1 available),977
"Giant Days, Vol. 1 (Giant Days #1-4)",Sequential Art,£56.76,Four,In stock (1 available),978
"Fruits Basket, Vol. 1 (Fruits Basket #1)",Sequential Art,£40.28,Five,In stock (1 available),979
Frankenstein,Default,£38.00,Two,In stock (1 available),980
Forever Rockers (The Rocker #12),Music,£28.80,Three,In stock (1 available),981
Fighting Fate (Fighting #6),Romance,£39.24,Three,In stock (1 available),982
Emma,Classics,£32.93,Two,In stock (1 available),983
"Eat, Pray, Love",Nonfiction,£51.32,Three,In stock (1 available),984
Deep Under (Walker Security #1),Romance,£47.09,Five,In stock (1 available),985
Choosing Our Religion: The Spiritual Lives of America's Nones,Religion,£28.42,Four,In stock (1 available),986
Charlie and the Chocolate Factory (Charlie Bucket #1),Childrens,£22.85,Three,In stock (1 available),987
Charity's Cross (Charles Towne Belles #4),Romance,£41.24,One,In stock (1 available),988
Bright Lines,Fiction,£39.07,Five,In stock (1 available),989
Bridget Jones's Diary (Bridget Jones #1),Womens Fiction,£29.82,One,In stock (1 available),990
Bounty (Colorado Mountain #7),Romance,£37.26,Four,In stock (1 available),991
Blood Defense (Samantha Brinkman #1),Mystery,£20.30,Three,In stock (1 available),992
"Bleach, Vol. 1: Strawberry and the Soul Reapers (Bleach #1)",Sequential Art,£34.65,Five,In stock (1 available),993
Beyond Good and Evil,Philosophy,£43.38,One,In stock (1 available),994
Alice in Wonderland (Alice's Adventures in Wonderland #1),Classics,£55.53,One,In stock (1 available),995
"Ajin: Demi-Human, Volume 1 (Ajin: Demi-Human #1)",Sequential Art,£57.06,Four,In stock (1 available),996
A Spy's Devotion (The Regency Spies of London #1),Historical Fiction,£16.97,Five,In stock (1 available),997
1st to Die (Women's Murder Club #1),Mystery,£53.98,One,In stock (1 available),998
"1,000 Places to See Before You Die",Travel,£26.08,Five,In stock (1 available),999
