book_name,book_category,book_price,book_rating,book_stock,book_id,scrapy-datetime
Logan Kade (Fallen Crest High #5.5),academic,13.12,2,5,616,2021-07-16 15:48:52
Fifty Shades Freed (Fifty Shades #3),adult_fiction,15.36,5,3,844,2021-07-16 15:48:52
Art and Fear: Observations on the Perils (and Rewards) of Artmaking,art,48.63,4,9,441,2021-07-16 15:48:52
The Story of Art,art,41.14,4,7,500,2021-07-16 15:48:52
The New Drawing on the Right Side of the Brain,art,43.02,3,8,450,2021-07-16 15:48:52
Ways of Seeing,art,39.51,5,1,906,2021-07-16 15:48:52
Feathers: Displays of Brilliant Plumage,art,49.05,3,14,305,2021-07-16 15:48:52
The Art Book,art,32.34,2,7,510,2021-07-16 15:48:52
Wall and Piece,art,44.18,4,18,29,2021-07-16 15:48:52
History of Beauty,art,10.29,4,8,479,2021-07-16 15:48:52
M Train,autobiography,27.18,1,11,402,2021-07-16 15:48:52
Running with Scissors,autobiography,12.91,4,3,785,2021-07-16 15:48:52
The Argonauts,autobiography,10.93,2,15,163,2021-07-16 15:48:52
A Heartbreaking Work of Staggering Genius,autobiography,54.29,5,3,885,2021-07-16 15:48:52
Approval Junkie: Adventures in Caring Too Much,autobiography,58.81,5,5,637,2021-07-16 15:48:52
Life Without a Recipe,autobiography,59.04,5,3,812,2021-07-16 15:48:52
Me Talk Pretty One Day,autobiography,57.6,2,3,807,2021-07-16 15:48:52
Lust & Wonder,autobiography,11.87,2,3,809,2021-07-16 15:48:52
Lab Girl,autobiography,40.85,1,11,405,2021-07-16 15:48:52
Louisa: The Extraordinary Life of Mrs. Adams,biography,16.85,2,15,182,2021-07-16 15:48:52
The Faith of Christopher Hitchens: The Restless Soul of the World's Most Notorious Atheist,biography,39.55,1,7,505,2021-07-16 15:48:52
Benjamin Franklin: An American Life,biography,48.19,3,7,540,2021-07-16 15:48:52
"Setting the World on Fire: The Brief, Astonishing Life of St. Catherine of Siena",biography,21.15,2,11,397,2021-07-16 15:48:52
The Rise of Theodore Roosevelt (Theodore Roosevelt #1),biography,42.57,3,3,724,2021-07-16 15:48:52
The E-Myth Revisited: Why Most Small Businesses Don't Work and What to Do About It,business,36.91,1,8,455,2021-07-16 15:48:52
The Dirty Little Secrets of Getting Your Dream Job,business,33.34,4,19,6,2021-07-16 15:48:52
The Third Wave: An Entrepreneurâs Vision of the Future,business,12.61,5,15,138,2021-07-16 15:48:52
Quench Your Own Thirst: Business Lessons Learned Over a Beer or Two,business,43.14,1,12,371,2021-07-16 15:48:52
Born for This: How to Find the Work You Were Meant to Do,business,21.59,5,11,412,2021-07-16 15:48:52
The 10% Entrepreneur: Live Your Startup Dream Without Quitting Your Day Job,business,27.55,3,15,164,2021-07-16 15:48:52
The Art of Startup Fundraising,business,21.0,3,11,394,2021-07-16 15:48:52
Shoe Dog: A Memoir by the Creator of NIKE,business,23.99,2,15,169,2021-07-16 15:48:52
Rework,business,44.88,2,3,788,2021-07-16 15:48:52
"Rich Dad, Poor Dad",business,51.74,1,7,517,2021-07-16 15:48:52
Made to Stick: Why Some Ideas Survive and Others Die,business,38.85,5,14,285,2021-07-16 15:48:52
The Lean Startup: How Today's Entrepreneurs Use Continuous Innovation to Create Radically Successful Businesses,business,33.92,3,3,740,2021-07-16 15:48:52
Raymie Nightingale,childrens,34.41,2,7,518,2021-07-16 15:48:52
The Secret of Dreadwillow Carse,childrens,56.13,1,16,56,2021-07-16 15:48:52
Are We There Yet?,childrens,10.66,3,3,878,2021-07-16 15:48:52
Maybe Something Beautiful: How Art Transformed a Neighborhood,childrens,22.54,1,5,614,2021-07-16 15:48:52
The Day the Crayons Came Home (Crayons),childrens,26.33,5,3,759,2021-07-16 15:48:52
Green Eggs and Ham (Beginner Books B-16),childrens,10.79,4,3,835,2021-07-16 15:48:52
Nap-a-Roo,childrens,25.08,1,9,433,2021-07-16 15:48:52
The White Cat and the Monk: A Retelling of the Poem âPangur BÃ¡nâ,childrens,58.08,4,15,135,2021-07-16 15:48:52
The Wild Robot,childrens,56.07,3,3,712,2021-07-16 15:48:52
Horrible Bear!,childrens,37.52,2,3,832,2021-07-16 15:48:52
"Shrunken Treasures: Literary Classics, Short, Sweet, and Silly",childrens,52.87,3,7,516,2021-07-16 15:48:52
Little Red,childrens,13.47,3,15,183,2021-07-16 15:48:52
Diary of a Minecraft Zombie Book 1: A Scare of a Dare (An Unofficial Minecraft Book),childrens,52.88,4,2,901,2021-07-16 15:48:52
Playing from the Heart,childrens,32.38,1,7,519,2021-07-16 15:48:52
Red: The True Story of Red Riding Hood,childrens,28.54,3,3,790,2021-07-16 15:48:52
The Whale,childrens,35.96,4,7,499,2021-07-16 15:48:52
The Cat in the Hat (Beginner Books B-1),childrens,16.26,2,3,765,2021-07-16 15:48:52
The Lonely Ones,childrens,43.59,5,3,739,2021-07-16 15:48:52
Walt Disney's Alice in Wonderland,childrens,12.96,5,14,223,2021-07-16 15:48:52
Once Was a Time,childrens,18.28,2,14,276,2021-07-16 15:48:52
Birdsong: A Story in Pictures,childrens,54.64,3,19,25,2021-07-16 15:48:52
Counting Thyme,childrens,10.62,1,3,858,2021-07-16 15:48:52
Charlie and the Chocolate Factory (Charlie Bucket #1),childrens,22.85,3,1,987,2021-07-16 15:48:52
Twenty Yawns,childrens,22.08,2,14,227,2021-07-16 15:48:52
Rain Fish,childrens,23.57,3,14,272,2021-07-16 15:48:52
Luis Paints the World,childrens,53.95,3,14,286,2021-07-16 15:48:52
Matilda,childrens,28.34,1,1,968,2021-07-16 15:48:52
The Thing About Jellyfish,childrens,48.77,1,3,717,2021-07-16 15:48:52
The Bear and the Piano,childrens,36.89,1,18,33,2021-07-16 15:48:52
Crazy Love: Overwhelmed by a Relentless God,christian,47.72,2,14,318,2021-07-16 15:48:52
(Un)Qualified: How God Uses Broken People to Do Big Things,christian,54.0,5,16,127,2021-07-16 15:48:52
Blue Like Jazz: Nonreligious Thoughts on Christian Spirituality,christian,25.77,1,7,539,2021-07-16 15:48:52
Like Never Before (Walker Family #2),christian_fiction,28.77,2,7,524,2021-07-16 15:48:52
If I Run (If I Run #1),christian_fiction,49.97,4,3,826,2021-07-16 15:48:52
Redeeming Love,christian_fiction,20.47,5,15,174,2021-07-16 15:48:52
Counted With the Stars (Out from Egypt #1),christian_fiction,17.97,5,7,537,2021-07-16 15:48:52
Close to You,christian_fiction,49.46,4,15,202,2021-07-16 15:48:52
Shadows of the Past (Logan Point #1),christian_fiction,39.67,5,8,459,2021-07-16 15:48:52
The Complete Stories and Poems (The Works of Edgar Allan Poe [Cameo Edition]),classics,26.78,4,3,762,2021-07-16 15:48:52
The Pilgrim's Progress,classics,50.26,2,4,647,2021-07-16 15:48:52
Of Mice and Men,classics,47.11,2,1,963,2021-07-16 15:48:52
Beowulf,classics,38.35,2,3,874,2021-07-16 15:48:52
Wuthering Heights,classics,17.73,3,3,693,2021-07-16 15:48:52
The Hound of the Baskervilles (Sherlock Holmes #5),classics,14.82,2,4,652,2021-07-16 15:48:52
Alice in Wonderland (Alice's Adventures in Wonderland #1),classics,55.53,1,1,995,2021-07-16 15:48:52
The Secret Garden,classics,15.08,4,5,587,2021-07-16 15:48:52
Little Women (Little Women #1),classics,28.07,4,4,669,2021-07-16 15:48:52
And Then There Were None,classics,35.01,2,3,881,2021-07-16 15:48:52
The Story of Hong Gildong,classics,43.19,4,1,916,2021-07-16 15:48:52
Gone with the Wind,classics,32.49,3,4,676,2021-07-16 15:48:52
The Picture of Dorian Gray,classics,29.7,2,3,730,2021-07-16 15:48:52
Sense and Sensibility,classics,37.46,1,1,951,2021-07-16 15:48:52
Emma,classics,32.93,2,1,983,2021-07-16 15:48:52
Candide,classics,58.63,3,4,684,2021-07-16 15:48:52
The Metamorphosis,classics,28.58,1,5,591,2021-07-16 15:48:52
Animal Farm,classics,57.22,3,4,687,2021-07-16 15:48:52
The Little Prince,classics,45.42,2,1,928,2021-07-16 15:48:52
When We Collided,contemporary,31.77,1,16,45,2021-07-16 15:48:52
Someone Like You (The Harrisons #2),contemporary,52.79,5,14,265,2021-07-16 15:48:52
We Are All Completely Beside Ourselves,contemporary,24.04,1,3,699,2021-07-16 15:48:52
The Long Shadow of Small Ghosts: Murder and Memory in an American City,crime,10.97,1,15,152,2021-07-16 15:48:52
Amid the Chaos,cultural,36.58,1,15,212,2021-07-16 15:48:52
How to Speak Golf: An Illustrated Guide to Links Lingo,default,58.32,5,12,379,2021-07-16 15:48:52
"Carry On, Warrior: Thoughts on Life Unarmed",default,31.85,3,14,328,2021-07-16 15:48:52
"David and Goliath: Underdogs, Misfits, and the Art of Battling Giants",default,17.81,1,3,854,2021-07-16 15:48:52
Watchmen,default,58.05,4,9,421,2021-07-16 15:48:52
Unlimited Intuition Now,default,58.87,4,9,422,2021-07-16 15:48:52
Cell,default,20.29,4,14,326,2021-07-16 15:48:52
City of Ashes (The Mortal Instruments #2),default,47.27,1,14,325,2021-07-16 15:48:52
Dark Places,default,23.9,5,3,856,2021-07-16 15:48:52
Underlying Notes,default,11.82,2,9,423,2021-07-16 15:48:52
City of Bones (The Mortal Instruments #1),default,43.28,1,14,324,2021-07-16 15:48:52
The New Brand You: Your New Image Makes the Sale for You,default,44.05,5,9,425,2021-07-16 15:48:52
The Flowers Lied,default,16.68,2,9,427,2021-07-16 15:48:52
City of Fallen Angels (The Mortal Instruments #4),default,11.23,4,14,323,2021-07-16 15:48:52
Life After Life,default,26.13,2,3,813,2021-07-16 15:48:52
Clockwork Angel (The Infernal Devices #1),default,44.14,1,14,321,2021-07-16 15:48:52
Code Name Verity (Code Name Verity #1),default,22.13,4,14,320,2021-07-16 15:48:52
Cosmos,default,36.17,2,3,859,2021-07-16 15:48:52
Steve Jobs,default,39.5,5,14,263,2021-07-16 15:48:52
"NaNo What Now? Finding your editing process, revising your NaNoWriMo book and building a writing career through publishing and beyond",default,10.41,4,9,434,2021-07-16 15:48:52
Fellside,default,38.62,1,3,845,2021-07-16 15:48:52
Modern Day Fables,default,47.44,2,9,435,2021-07-16 15:48:52
Breaking Dawn (Twilight #4),default,35.28,5,3,864,2021-07-16 15:48:52
Manuscript Found in Accra,default,34.98,2,3,808,2021-07-16 15:48:52
Daily Fantasy Sports,default,36.58,1,14,317,2021-07-16 15:48:52
Carrie,default,46.23,2,14,329,2021-07-16 15:48:52
Without Shame,default,48.27,5,9,420,2021-07-16 15:48:52
Gone Girl,default,37.6,5,3,838,2021-07-16 15:48:52
Greek Mythic History,default,10.23,5,14,302,2021-07-16 15:48:52
Luckiest Girl Alive,default,49.83,3,14,287,2021-07-16 15:48:52
One with You (Crossfire #5),default,15.71,4,12,374,2021-07-16 15:48:52
Raspberry Pi Electronics Projects for the Evil Genius,default,49.67,4,12,370,2021-07-16 15:48:52
Eleanor & Park,default,56.51,5,12,384,2021-07-16 15:48:52
Every Last Word,default,46.47,3,14,307,2021-07-16 15:48:52
The Children,default,11.88,3,12,367,2021-07-16 15:48:52
Troublemaker: Surviving Hollywood and Scientology,default,48.39,2,11,390,2021-07-16 15:48:52
The Gray Rhino: How to Recognize and Act on the Obvious Dangers We Ignore,default,59.15,4,12,362,2021-07-16 15:48:52
The Midnight Watch: A Novel of the Titanic and the Californian,default,26.2,1,12,360,2021-07-16 15:48:52
Lady Midnight (The Dark Artifices #1),default,16.28,5,14,293,2021-07-16 15:48:52
Rook,default,37.86,4,13,353,2021-07-16 15:48:52
More Than Music (Chasing the Dream #1),default,37.61,2,14,284,2021-07-16 15:48:52
Eclipse (Twilight #3),default,18.74,1,3,848,2021-07-16 15:48:52
"Hush, Hush (Hush, Hush #1)",default,47.02,3,14,299,2021-07-16 15:48:52
Is Everyone Hanging Out Without Me? (And Other Concerns),default,20.11,3,3,822,2021-07-16 15:48:52
Dracula,default,52.62,3,3,850,2021-07-16 15:48:52
"The Three Searches, Meaning, and the Story",default,13.33,3,13,351,2021-07-16 15:48:52
A Brush of Wings (Angels Walking #3),default,55.51,1,14,349,2021-07-16 15:48:52
A People's History of the United States,default,40.79,2,14,346,2021-07-16 15:48:52
"A Series of Catastrophes and Miracles: A True Story of Love, Science, and Cancer",default,56.48,2,14,345,2021-07-16 15:48:52
Angels & Demons (Robert Langdon #1),default,51.48,3,14,339,2021-07-16 15:48:52
"Lean In: Women, Work, and the Will to Lead",default,25.02,1,3,817,2021-07-16 15:48:52
Dead Wake: The Last Crossing of the Lusitania,default,39.24,5,3,853,2021-07-16 15:48:52
Adultery,default,20.88,5,11,414,2021-07-16 15:48:52
Angels Walking (Angels Walking #1),default,34.2,2,14,338,2021-07-16 15:48:52
"Living Leadership by Insight: A Good Leader Achieves, a Great Leader Builds Monuments",default,46.91,4,14,291,2021-07-16 15:48:52
Fire Bound (Sea Haven/Sisters of the Heart #5),default,21.28,4,3,843,2021-07-16 15:48:52
The Year of Living Biblically: One Man's Humble Quest to Follow the Bible as Literally as Possible,default,34.72,1,7,498,2021-07-16 15:48:52
23 Degrees South: A Tropical Tale of Changing Whether...,default,35.79,2,9,444,2021-07-16 15:48:52
Find Her (Detective D.D. Warren #8),default,22.37,1,5,627,2021-07-16 15:48:52
Fool Me Once,default,16.96,1,5,626,2021-07-16 15:48:52
The Goldfinch,default,43.58,3,3,748,2021-07-16 15:48:52
Harry Potter and the Deathly Hallows (Harry Potter #7),default,23.32,1,5,623,2021-07-16 15:48:52
I Know Why the Caged Bird Sings (Maya Angelou's Autobiography #1),default,36.55,2,5,622,2021-07-16 15:48:52
If I Stay (If I Stay #1),default,38.13,5,5,621,2021-07-16 15:48:52
The Giver (The Giver Quartet #1),default,12.3,1,3,749,2021-07-16 15:48:52
The Girl Who Played with Fire (Millennium Trilogy #2),default,22.14,2,3,751,2021-07-16 15:48:52
The Girl Who Kicked the Hornet's Nest (Millennium Trilogy #3),default,57.48,1,3,752,2021-07-16 15:48:52
Remember Me?,default,11.48,3,5,609,2021-07-16 15:48:52
Shiver (The Wolves of Mercy Falls #1),default,16.23,5,5,608,2021-07-16 15:48:52
"The End of Faith: Religion, Terror, and the Future of Reason",default,22.13,4,3,754,2021-07-16 15:48:52
The 5th Wave (The 5th Wave #1),default,11.83,2,5,603,2021-07-16 15:48:52
The Demon-Haunted World: Science as a Candle in the Dark,default,52.25,4,3,758,2021-07-16 15:48:52
The Dream Thieves (The Raven Cycle #2),default,34.5,1,5,600,2021-07-16 15:48:52
The Fault in Our Stars,default,47.22,1,5,597,2021-07-16 15:48:52
The Raven King (The Raven Cycle #4),default,30.57,2,5,588,2021-07-16 15:48:52
What If?: Serious Scientific Answers to Absurd Hypothetical Questions,default,53.68,4,5,584,2021-07-16 15:48:52
The Complete Poems,default,41.32,5,3,763,2021-07-16 15:48:52
Evicted: Poverty and Profit in the American City,default,42.27,1,5,628,2021-07-16 15:48:52
Drama,default,38.7,2,5,629,2021-07-16 15:48:52
The Hitchhiker's Guide to the Galaxy (Hitchhiker's Guide to the Galaxy #1),default,47.8,3,3,745,2021-07-16 15:48:52
"Blue Lily, Lily Blue (The Raven Cycle #3)",default,34.13,5,5,636,2021-07-16 15:48:52
Twilight (Twilight #1),default,41.93,2,3,707,2021-07-16 15:48:52
"Where'd You Go, Bernadette",default,18.13,1,3,696,2021-07-16 15:48:52
Wild: From Lost to Found on the Pacific Crest Trail,default,46.02,3,3,695,2021-07-16 15:48:52
World War Z: An Oral History of the Zombie War,default,21.8,1,3,694,2021-07-16 15:48:52
Zero History (Blue Ant #3),default,34.77,1,3,692,2021-07-16 15:48:52
The Rest Is Noise: Listening to the Twentieth Century,default,34.77,1,3,726,2021-07-16 15:48:52
The Purpose Driven Life: What on Earth Am I Here for?,default,37.19,3,3,728,2021-07-16 15:48:52
Confessions of a Shopaholic (Shopaholic #1),default,48.94,2,4,682,2021-07-16 15:48:52
The Paris Wife,default,36.8,3,3,731,2021-07-16 15:48:52
The Catcher in the Rye,default,24.55,1,3,764,2021-07-16 15:48:52
Harry Potter and the Sorcerer's Stone (Harry Potter #1),default,13.9,3,4,671,2021-07-16 15:48:52
Outlander (Outlander #1),default,19.67,5,4,662,2021-07-16 15:48:52
The Maze Runner (The Maze Runner #1),default,20.93,1,3,737,2021-07-16 15:48:52
The Lover's Dictionary,default,58.09,2,3,738,2021-07-16 15:48:52
The Hunger Games (The Hunger Games #1),default,29.85,5,4,651,2021-07-16 15:48:52
The Shining (The Shining #1),default,27.88,3,4,646,2021-07-16 15:48:52
Vogue Colors A to Z: A Fashion Coloring Book,default,52.35,4,4,645,2021-07-16 15:48:52
A Clash of Kings (A Song of Ice and Fire #2),default,10.79,3,5,644,2021-07-16 15:48:52
A Game of Thrones (A Song of Ice and Fire #1),default,46.42,2,5,642,2021-07-16 15:48:52
Alight (The Generations Trilogy #2),default,58.59,4,5,640,2021-07-16 15:48:52
Mockingjay (The Hunger Games #3),default,20.44,4,4,667,2021-07-16 15:48:52
A Hero's Curse (The Unseen Chronicles #1),default,50.49,3,9,443,2021-07-16 15:48:52
The Case for Christ (Cases for Christianity),default,47.84,1,3,766,2021-07-16 15:48:52
Fun Home: A Family Tragicomic,default,56.59,4,6,572,2021-07-16 15:48:52
The Glass Castle,default,16.24,1,7,504,2021-07-16 15:48:52
The Good Girl,default,49.03,3,7,503,2021-07-16 15:48:52
The Great Gatsby,default,36.05,4,7,502,2021-07-16 15:48:52
Rogue Lawyer (Rogue Lawyer #1),default,50.11,3,3,786,2021-07-16 15:48:52
The Dovekeepers,default,48.78,1,14,252,2021-07-16 15:48:52
Wildlife of New York: A Five-Borough Coloring Book,default,22.14,2,7,493,2021-07-16 15:48:52
Death by Leisure: A Cautionary Tale,default,37.51,4,8,484,2021-07-16 15:48:52
Quiet: The Power of Introverts in a World That Can't Stop Talking,default,43.55,1,3,792,2021-07-16 15:48:52
Ender's Game (The Ender Quintet #1),default,43.64,1,8,482,2021-07-16 15:48:52
Packing for Mars: The Curious Science of Life in the Void,default,56.68,2,3,795,2021-07-16 15:48:52
Heaven is for Real: A Little Boy's Astounding Story of His Trip to Heaven and Back,default,52.86,2,8,480,2021-07-16 15:48:52
I'll Give You the Sun,default,56.48,1,8,475,2021-07-16 15:48:52
John Vassos: Industrial Design for Modern Life,default,20.22,4,8,474,2021-07-16 15:48:52
Left Behind (Left Behind #1),default,40.72,2,8,471,2021-07-16 15:48:52
Orange Is the New Black,default,24.61,2,3,798,2021-07-16 15:48:52
One for the Money (Stephanie Plum #1),default,32.87,2,3,799,2021-07-16 15:48:52
Morning Star (Red Rising #3),default,29.4,1,3,804,2021-07-16 15:48:52
The Martian (The Martian #1),default,41.39,2,8,452,2021-07-16 15:48:52
The Unlikely Pilgrimage of Harold Fry (Harold Fry #1),default,43.62,5,8,449,2021-07-16 15:48:52
The Drowning Girls,default,35.67,3,7,506,2021-07-16 15:48:52
The 7 Habits of Highly Effective People: Powerful Lessons in Personal Change,default,33.17,4,7,511,2021-07-16 15:48:52
Team of Rivals: The Political Genius of Abraham Lincoln,default,20.12,5,7,512,2021-07-16 15:48:52
Steal Like an Artist: 10 Things Nobody Told You About Being Creative,default,20.9,2,7,513,2021-07-16 15:48:52
The Blind Side: Evolution of a Game,default,53.71,5,3,769,2021-07-16 15:48:52
The Autobiography of Malcolm X,default,23.43,2,3,770,2021-07-16 15:48:52
Mere Christianity,default,48.51,3,6,565,2021-07-16 15:48:52
Musicophilia: Tales of Music and the Brain,default,46.58,1,6,564,2021-07-16 15:48:52
Pride and Prejudice,default,19.27,4,6,563,2021-07-16 15:48:52
Ship Leaves Harbor: Essays on Travel by a Recovering Journeyman,default,30.6,3,6,562,2021-07-16 15:48:52
The Fellowship of the Ring (The Lord of the Rings #1),default,10.27,2,6,558,2021-07-16 15:48:52
The God Delusion,default,46.85,3,6,556,2021-07-16 15:48:52
The Golden Compass (His Dark Materials #1),default,18.77,1,6,555,2021-07-16 15:48:52
The Book Thief,default,53.49,2,3,767,2021-07-16 15:48:52
The Hobbit (Middle-Earth Universe),default,17.8,5,6,553,2021-07-16 15:48:52
The Makings of a Fatherless Child,default,31.58,2,6,550,2021-07-16 15:48:52
The Perks of Being a Wallflower,default,55.02,3,6,547,2021-07-16 15:48:52
The Sound Of Love,default,57.84,5,6,545,2021-07-16 15:48:52
Good in Bed (Cannie Shapiro #1),default,37.05,5,7,531,2021-07-16 15:48:52
John Adams,default,57.43,4,7,528,2021-07-16 15:48:52
Shopaholic & Baby (Shopaholic #5),default,46.45,2,3,779,2021-07-16 15:48:52
Life of Pi,default,13.22,4,7,525,2021-07-16 15:48:52
Seven Days in the Art World,default,52.33,2,3,780,2021-07-16 15:48:52
Sarah's Key,default,46.29,1,3,783,2021-07-16 15:48:52
The Joy of Cooking,default,43.27,4,6,551,2021-07-16 15:48:52
The Immortal Life of Henrietta Lacks,default,40.67,2,14,247,2021-07-16 15:48:52
The Tipping Point: How Little Things Can Make a Big Difference,default,10.02,2,3,716,2021-07-16 15:48:52
First Steps for New Christians (Print Edition),default,29.0,1,15,192,2021-07-16 15:48:52
The Kite Runner,default,41.82,4,15,153,2021-07-16 15:48:52
Judo: Seven Steps to Black Belt (an Introductory Guide for Beginners),default,53.9,2,16,97,2021-07-16 15:48:52
A Visit from the Goon Squad,default,14.08,5,3,883,2021-07-16 15:48:52
The Communist Manifesto,default,14.76,3,1,939,2021-07-16 15:48:52
On a Midnight Clear,default,14.07,3,16,88,2021-07-16 15:48:52
"Unbroken: A World War II Story of Survival, Resilience, and Redemption",default,45.95,2,14,226,2021-07-16 15:48:52
V for Vendetta (V for Vendetta Complete),default,37.1,4,14,224,2021-07-16 15:48:52
Taking Shots (Assassins #1),default,18.88,2,1,943,2021-07-16 15:48:52
Shatter Me (Shatter Me #1),default,42.4,1,1,947,2021-07-16 15:48:52
The Emerald Mystery,default,23.15,2,15,158,2021-07-16 15:48:52
The Bridge to Consciousness: I'm Writing the Bridge Between Science and Our Old and New Beliefs.,default,32.0,3,15,160,2021-07-16 15:48:52
The Art of War,default,33.34,5,15,162,2021-07-16 15:48:52
Soul Reader,default,39.58,2,16,74,2021-07-16 15:48:52
The Wright Brothers,default,56.8,4,14,231,2021-07-16 15:48:52
The Girl on the Train,default,55.02,2,15,156,2021-07-16 15:48:52
Amatus,default,50.54,5,15,213,2021-07-16 15:48:52
The Iliad,default,16.16,1,1,931,2021-07-16 15:48:52
The Psychopath Test: A Journey Through the Madness Industry,default,36.0,2,15,143,2021-07-16 15:48:52
Thirteen Reasons Why,default,52.72,1,15,134,2021-07-16 15:48:52
Tracing Numbers on a Train,default,41.6,3,15,131,2021-07-16 15:48:52
Anonymous,default,46.82,4,15,210,2021-07-16 15:48:52
The Zombie Room,default,19.69,5,1,913,2021-07-16 15:48:52
"A Piece of Sky, a Grain of Rice: A Memoir in Four Meditations",default,56.76,5,16,122,2021-07-16 15:48:52
A World of Flavor: Your Gluten Free Passport,default,42.95,1,16,121,2021-07-16 15:48:52
The Light of the Fireflies,default,54.43,1,1,929,2021-07-16 15:48:52
Ayumi's Violin,default,15.48,2,15,209,2021-07-16 15:48:52
The Secret (The Secret #1),default,27.37,4,15,141,2021-07-16 15:48:52
Beauty Restored (Riley Family Legacy Novellas #3),default,11.11,2,15,206,2021-07-16 15:48:52
The Republic,default,33.78,3,1,922,2021-07-16 15:48:52
The Odyssey,default,29.64,3,1,923,2021-07-16 15:48:52
Beautiful Creatures (Caster Chronicles #1),default,21.55,5,3,875,2021-07-16 15:48:52
The Name of the Wind (The Kingkiller Chronicle #1),default,50.59,3,1,926,2021-07-16 15:48:52
Bossypants,default,49.46,2,16,117,2021-07-16 15:48:52
Paradise Lost (Paradise #1),default,24.96,1,1,955,2021-07-16 15:48:52
The White Queen (The Cousins' War #1),default,25.91,5,14,232,2021-07-16 15:48:52
"Shobu Samurai, Project Aryoku (#3)",default,29.06,3,15,170,2021-07-16 15:48:52
Penny Maybe,default,33.29,3,18,35,2021-07-16 15:48:52
The Sense of an Ending,default,31.38,3,2,889,2021-07-16 15:48:52
Lord of the Flies,default,24.89,3,1,970,2021-07-16 15:48:52
Done Rubbed Out (Reightman & Bailey #1),default,37.72,5,15,197,2021-07-16 15:48:52
Aladdin and His Wonderful Lamp,default,53.13,3,19,27,2021-07-16 15:48:52
America's Cradle of Quarterbacks: Western Pennsylvania's Football Factory from Johnny Unitas to Joe Montana,default,22.5,3,19,26,2021-07-16 15:48:52
Jane Eyre,default,38.43,5,1,973,2021-07-16 15:48:52
Grumbles,default,22.16,2,15,188,2021-07-16 15:48:52
Drive: The Surprising Truth About What Motivates Us,default,34.95,4,15,196,2021-07-16 15:48:52
#GIRLBOSS,default,50.96,1,3,887,2021-07-16 15:48:52
Frankenstein,default,38.0,2,1,980,2021-07-16 15:48:52
Eureka Trivia 6.0,default,54.59,4,15,195,2021-07-16 15:48:52
"Starving Hearts (Triangular Trade Trilogy, #1)",default,13.99,2,19,10,2021-07-16 15:48:52
The Boys in the Boat: Nine Americans and Their Epic Quest for Gold at the 1936 Berlin Olympics,default,22.6,4,19,8,2021-07-16 15:48:52
"The Coming Woman: A Novel Based on the Life of the Infamous Feminist, Victoria Woodhull",default,17.93,3,19,7,2021-07-16 15:48:52
Maude (1883-1993):She Grew Up with the country,default,18.02,2,18,36,2021-07-16 15:48:52
The Art Forger,default,40.76,3,16,70,2021-07-16 15:48:52
The Power of Habit: Why We Do What We Do in Life and Business,default,16.88,3,14,240,2021-07-16 15:48:52
The Torch Is Passed: A Harding Family Story,default,19.09,1,16,55,2021-07-16 15:48:52
"The Inefficiency Assassin: Time Management Tactics for Working Smarter, Not Longer",default,20.59,5,16,65,2021-07-16 15:48:52
Secrets and Lace (Fatal Hearts #1),default,20.27,1,15,171,2021-07-16 15:48:52
"The Mindfulness and Acceptance Workbook for Anxiety: A Guide to Breaking Free from Anxiety, Phobias, and Worry Using Acceptance and Commitment Therapy",default,23.89,4,16,63,2021-07-16 15:48:52
Romero and Juliet: A Tragic Tale of Love and Zombies,default,36.94,1,15,173,2021-07-16 15:48:52
Poses for Artists Volume 1 - Dynamic and Sitting Poses: An Essential Reference for Figure Drawing and the Human Form,default,41.06,1,15,175,2021-07-16 15:48:52
On the Road (Duluoz Legend),default,32.36,3,1,960,2021-07-16 15:48:52
The Songs of the Gods,default,44.48,5,14,237,2021-07-16 15:48:52
Amy Meets the Saints and Sages,default,18.46,3,15,211,2021-07-16 15:48:52
Modern Romance,default,28.26,5,15,180,2021-07-16 15:48:52
The Rosie Project (Don Tillman #1),default,54.04,1,14,239,2021-07-16 15:48:52
Miss Peregrineâs Home for Peculiar Children (Miss Peregrineâs Peculiar Children #1),default,10.76,1,15,181,2021-07-16 15:48:52
Large Print Heart of the Pride,default,19.15,2,15,185,2021-07-16 15:48:52
The Song of Achilles,default,37.4,5,14,238,2021-07-16 15:48:52
Dark Notes,erotica,19.19,5,15,200,2021-07-16 15:48:52
Midnight Riot (Peter Grant/ Rivers of London - books #1),fantasy,55.46,2,3,806,2021-07-16 15:48:52
Hollow City (Miss Peregrineâs Peculiar Children #2),fantasy,42.98,1,15,187,2021-07-16 15:48:52
The Glittering Court (The Glittering Court #1),fantasy,44.28,1,15,155,2021-07-16 15:48:52
A Shard of Ice (The Black Symphony Saga #1),fantasy,56.63,3,9,442,2021-07-16 15:48:52
The Hidden Oracle (The Trials of Apollo #1),fantasy,52.26,2,14,248,2021-07-16 15:48:52
A Court of Thorns and Roses (A Court of Thorns and Roses #1),fantasy,52.37,1,16,126,2021-07-16 15:48:52
The Rose & the Dagger (The Wrath and the Dawn #2),fantasy,58.64,4,3,722,2021-07-16 15:48:52
Harry Potter and the Chamber of Secrets (Harry Potter #2),fantasy,14.74,1,4,675,2021-07-16 15:48:52
Harry Potter and the Half-Blood Prince (Harry Potter #6),fantasy,48.75,5,4,674,2021-07-16 15:48:52
Harry Potter and the Order of the Phoenix (Harry Potter #5),fantasy,31.63,4,4,673,2021-07-16 15:48:52
Paper and Fire (The Great Library #2),fantasy,49.45,5,4,661,2021-07-16 15:48:52
The Beast (Black Dagger Brotherhood #14),fantasy,46.08,5,4,658,2021-07-16 15:48:52
The Demonists (Demonist #1),fantasy,52.11,2,4,655,2021-07-16 15:48:52
A Feast for Crows (A Song of Ice and Fire #4),fantasy,17.21,4,5,643,2021-07-16 15:48:52
Myriad (Prentor #1),fantasy,58.75,4,1,964,2021-07-16 15:48:52
Unicorn Tracks,fantasy,18.78,3,16,49,2021-07-16 15:48:52
One Second (Seven #7),fantasy,52.94,2,1,959,2021-07-16 15:48:52
Origins (Alphas 0.5),fantasy,28.99,1,1,958,2021-07-16 15:48:52
Tell the Wind and Fire,fantasy,45.51,3,5,604,2021-07-16 15:48:52
Vampire Girl (Vampire Girl #1),fantasy,53.82,2,1,908,2021-07-16 15:48:52
The False Prince (The Ascendance Trilogy #1),fantasy,56.0,5,5,598,2021-07-16 15:48:52
"Saga, Volume 6 (Saga (Collected Editions) #6)",fantasy,25.02,3,16,76,2021-07-16 15:48:52
Shadow Rites (Jane Yellowrock #10),fantasy,21.72,4,1,949,2021-07-16 15:48:52
Princess Between Worlds (Wide-Awake Princess #5),fantasy,13.34,5,16,81,2021-07-16 15:48:52
Sister Sable (The Mad Queen #1),fantasy,13.33,3,1,946,2021-07-16 15:48:52
Masks and Shadows,fantasy,56.4,2,16,91,2021-07-16 15:48:52
A Gathering of Shadows (Shades of Magic #2),fantasy,44.81,4,7,544,2021-07-16 15:48:52
Every Heart a Doorway (Every Heart A Doorway #1),fantasy,12.16,5,7,535,2021-07-16 15:48:52
The Star-Touched Queen,fantasy,32.3,5,12,358,2021-07-16 15:48:52
King's Folly (The Kinsman Chronicles #1),fantasy,39.61,5,7,527,2021-07-16 15:48:52
The Mirror & the Maze (The Wrath and the Dawn #1.5),fantasy,29.38,1,1,927,2021-07-16 15:48:52
Crown of Midnight (Throne of Glass #2),fantasy,43.29,3,16,112,2021-07-16 15:48:52
The Silent Twin (Detective Jennifer Knight #3),fantasy,36.25,3,1,918,2021-07-16 15:48:52
"Avatar: The Last Airbender: Smoke and Shadow, Part 3 (Smoke and Shadow #3)",fantasy,28.09,2,16,119,2021-07-16 15:48:52
The Raven Boys (The Raven Cycle #1),fantasy,57.74,4,5,589,2021-07-16 15:48:52
Soldier (Talon #3),fantasy,24.72,2,3,778,2021-07-16 15:48:52
Throne of Glass (Throne of Glass #1),fantasy,35.07,3,15,132,2021-07-16 15:48:52
Heir to the Sky,fantasy,44.07,4,3,834,2021-07-16 15:48:52
The Bane Chronicles (The Bane Chronicles #1-11),fantasy,44.73,4,14,254,2021-07-16 15:48:52
Ash,fantasy,22.06,4,3,877,2021-07-16 15:48:52
Searching for Meaning in Gailana,fantasy,38.73,1,13,352,2021-07-16 15:48:52
Island of Dragons (Unwanteds #7),fantasy,29.65,1,14,295,2021-07-16 15:48:52
Demigods & Magicians: Percy and Annabeth Meet the Kanes (Percy Jackson & Kane Chronicles Crossover #1-3),fantasy,37.51,5,14,315,2021-07-16 15:48:52
Eragon (The Inheritance Cycle #1),fantasy,43.87,3,3,847,2021-07-16 15:48:52
City of Glass (The Mortal Instruments #3),fantasy,56.02,4,14,322,2021-07-16 15:48:52
Darkfever (Fever #1),fantasy,56.02,1,3,855,2021-07-16 15:48:52
A Storm of Swords (A Song of Ice and Fire #3),fantasy,31.22,2,3,884,2021-07-16 15:48:52
The Star-Touched Queen,fantasy,46.02,5,14,236,2021-07-16 15:48:52
Sister Dear,fiction,40.2,4,7,515,2021-07-16 15:48:52
The First Hostage (J.B. Collins #2),fiction,25.85,3,14,251,2021-07-16 15:48:52
11/22/63,fiction,48.48,3,11,417,2021-07-16 15:48:52
Crazy Rich Asians (Crazy Rich Asians #1),fiction,49.13,5,3,857,2021-07-16 15:48:52
Eligible (The Austen Project #4),fiction,27.09,3,14,308,2021-07-16 15:48:52
The Infinities,fiction,27.41,1,3,743,2021-07-16 15:48:52
Memoirs of a Geisha,fiction,49.67,3,7,523,2021-07-16 15:48:52
Daredevils,fiction,16.34,3,11,410,2021-07-16 15:48:52
The Husband's Secret,fiction,52.51,5,3,744,2021-07-16 15:48:52
Private Paris (Private #10),fiction,47.61,5,17,42,2021-07-16 15:48:52
Jurassic Park (Jurassic Park #1),fiction,44.97,1,3,820,2021-07-16 15:48:52
Shtum,fiction,55.84,4,14,267,2021-07-16 15:48:52
Eight Hundred Grapes,fiction,14.39,4,14,310,2021-07-16 15:48:52
Still Life with Bread Crumbs,fiction,26.41,3,14,262,2021-07-16 15:48:52
The Silent Wife,fiction,12.34,5,1,917,2021-07-16 15:48:52
The High Mountains of Portugal,fiction,51.15,1,8,453,2021-07-16 15:48:52
The Regional Office Is Under Attack!,fiction,51.36,5,15,142,2021-07-16 15:48:52
Kitchens of the Great Midwest,fiction,57.2,5,1,972,2021-07-16 15:48:52
Miller's Valley,fiction,58.54,2,8,466,2021-07-16 15:48:52
The Vacationers,fiction,42.15,4,15,137,2021-07-16 15:48:52
Cometh the Hour (The Clifton Chronicles #6),fiction,25.01,3,14,319,2021-07-16 15:48:52
Take Me with You,fiction,45.21,3,14,259,2021-07-16 15:48:52
When I'm Gone,fiction,51.96,3,1,905,2021-07-16 15:48:52
Hystopia: A Novel,fiction,21.96,4,8,477,2021-07-16 15:48:52
Bright Lines,fiction,39.07,5,1,989,2021-07-16 15:48:52
Lila (Gilead #3),fiction,12.47,3,3,810,2021-07-16 15:48:52
Tuesday Nights in 1980,fiction,21.04,2,15,130,2021-07-16 15:48:52
Dear Mr. Knightley,fiction,11.21,5,14,316,2021-07-16 15:48:52
Balloon Animals,fiction,17.03,3,14,335,2021-07-16 15:48:52
The Bourne Identity (Jason Bourne #1),fiction,42.78,4,7,508,2021-07-16 15:48:52
Lies and Other Acts of Love,fiction,45.14,1,11,404,2021-07-16 15:48:52
Atlas Shrugged,fiction,26.58,5,4,686,2021-07-16 15:48:52
The Shack,fiction,28.03,1,9,424,2021-07-16 15:48:52
Mothering Sunday,fiction,13.34,2,11,400,2021-07-16 15:48:52
Mr. Mercedes (Bill Hodges Trilogy #1),fiction,28.9,1,14,283,2021-07-16 15:48:52
I Am Pilgrim (Pilgrim #1),fiction,10.6,4,14,297,2021-07-16 15:48:52
My Mrs. Brown,fiction,24.48,3,14,281,2021-07-16 15:48:52
Soumission,fiction,50.1,1,20,2,2021-07-16 15:48:52
The Little Paris Bookshop,fiction,24.73,3,5,593,2021-07-16 15:48:52
The Da Vinci Code (Robert Langdon #2),fiction,22.96,2,3,760,2021-07-16 15:48:52
A Man Called Ove,fiction,39.72,1,14,347,2021-07-16 15:48:52
The Firm,fiction,45.56,3,5,596,2021-07-16 15:48:52
My Name Is Lucy Barton,fiction,41.56,1,14,280,2021-07-16 15:48:52
The Course of Love,fiction,16.78,3,2,891,2021-07-16 15:48:52
The Expatriates,fiction,44.58,2,5,599,2021-07-16 15:48:52
Last One Home (New Beginnings #1),fiction,59.98,3,5,617,2021-07-16 15:48:52
The Time Keeper,fiction,27.88,5,14,234,2021-07-16 15:48:52
Three-Martini Lunch,fiction,23.21,3,3,710,2021-07-16 15:48:52
Siddhartha,fiction,34.22,5,5,607,2021-07-16 15:48:52
The Testament of Mary,fiction,52.67,4,14,235,2021-07-16 15:48:52
The Silent Sister (Riley MacPherson #1),fiction,46.29,5,12,359,2021-07-16 15:48:52
The Murder That Never Was (Forensic Instincts #5),fiction,54.11,3,16,61,2021-07-16 15:48:52
Finders Keepers (Bill Hodges Trilogy #2),fiction,53.53,5,15,193,2021-07-16 15:48:52
The Dinner Party,fiction,56.54,2,12,365,2021-07-16 15:48:52
Thirst,fiction,17.27,5,16,54,2021-07-16 15:48:52
The Nightingale,fiction,26.26,4,3,733,2021-07-16 15:48:52
Deception Point,fiction,40.32,4,6,574,2021-07-16 15:48:52
Me Before You (Me Before You #1),fiction,19.02,1,6,566,2021-07-16 15:48:52
Big Little Lies,fiction,22.11,1,3,871,2021-07-16 15:48:52
"We Love You, Charlie Freeman",fiction,50.27,5,16,46,2021-07-16 15:48:52
Digital Fortress,fiction,58.0,5,5,631,2021-07-16 15:48:52
The Art of Fielding,fiction,22.1,1,3,772,2021-07-16 15:48:52
The Bette Davis Club,fiction,30.66,3,1,941,2021-07-16 15:48:52
The Improbability of Love,fiction,59.45,1,11,393,2021-07-16 15:48:52
Inferno (Robert Langdon #4),fiction,41.0,5,3,824,2021-07-16 15:48:52
"Layered: Baking, Building, and Styling Spectacular Cakes",food_and_drink,40.11,1,16,96,2021-07-16 15:48:52
My Kitchen Year: 136 Recipes That Saved My Life,food_and_drink,11.53,2,13,354,2021-07-16 15:48:52
"Foolproof Preserving: A Guide to Small Batch Jams, Jellies, Pickles, Condiments, and More: A Foolproof Guide to Making Small Batch Jams, Jellies, Pickles, Condiments, and More",food_and_drink,30.52,3,19,22,2021-07-16 15:48:52
"Mama Tried: Traditional Italian Cooking for the Screwed, Crude, Vegan, and Tattooed",food_and_drink,14.02,4,16,92,2021-07-16 15:48:52
How to Be a Domestic Goddess: Baking and the Art of Comfort Cooking,food_and_drink,28.25,2,7,530,2021-07-16 15:48:52
How to Cook Everything Vegetarian: Simple Meatless Recipes for Great Food (How to Cook Everything),food_and_drink,46.01,4,7,529,2021-07-16 15:48:52
"The Pioneer Woman Cooks: Dinnertime: Comfort Classics, Freezer Food, 16-Minute Meals, and Other Delicious Ways to Solve Supper!",food_and_drink,56.41,1,16,57,2021-07-16 15:48:52
Better Homes and Gardens New Cook Book,food_and_drink,39.61,3,6,577,2021-07-16 15:48:52
"It's All Easy: Healthy, Delicious Weeknight Meals in under 30 Minutes",food_and_drink,19.55,1,14,294,2021-07-16 15:48:52
"Naturally Lean: 125 Nourishing Gluten-Free, Plant-Based Recipes--All Under 300 Calories",food_and_drink,11.38,5,7,521,2021-07-16 15:48:52
32 Yolks,food_and_drink,53.63,2,8,490,2021-07-16 15:48:52
The Barefoot Contessa Cookbook,food_and_drink,59.92,5,6,560,2021-07-16 15:48:52
"The Art of Simple Food: Notes, Lessons, and Recipes from a Delicious Revolution",food_and_drink,34.32,3,3,771,2021-07-16 15:48:52
The Power Greens Cookbook: 140 Delicious Superfood Recipes,food_and_drink,11.05,5,5,590,2021-07-16 15:48:52
My Paris Kitchen: Recipes and Stories,food_and_drink,33.37,2,16,90,2021-07-16 15:48:52
The Nerdy Nummies Cookbook: Sweet Treats for the Geek in All of Us,food_and_drink,37.34,5,15,147,2021-07-16 15:48:52
Mexican Today: New and Rediscovered Recipes for Contemporary Kitchens,food_and_drink,24.91,5,5,613,2021-07-16 15:48:52
The Help Yourself Cookbook for Kids: 60 Easy Plant-Based Recipes Kids Can Make to Stay Healthy and Save the Earth,food_and_drink,28.77,3,14,249,2021-07-16 15:48:52
The Cookies & Cups Cookbook: 125+ sweet & savory recipes reminding you to Always Eat Dessert First,food_and_drink,41.25,1,15,159,2021-07-16 15:48:52
Hungry Girl Clean & Hungry: Easy All-Natural Recipes for Healthy Eating in the Real World,food_and_drink,33.14,3,3,829,2021-07-16 15:48:52
"Deliciously Ella Every Day: Quick and Easy Recipes for Gluten-Free Snacks, Packed Lunches, and Simple Meals",food_and_drink,42.16,3,15,199,2021-07-16 15:48:52
Cravings: Recipes for What You Want to Eat,food_and_drink,20.5,3,11,411,2021-07-16 15:48:52
"The Moosewood Cookbook: Recipes from Moosewood Restaurant, Ithaca, New York",food_and_drink,12.34,4,9,426,2021-07-16 15:48:52
The Smitten Kitchen Cookbook,food_and_drink,23.59,1,3,719,2021-07-16 15:48:52
Barefoot Contessa at Home: Everyday Recipes You'll Make Over and Over Again,food_and_drink,50.62,5,14,334,2021-07-16 15:48:52
Everyday Italian: 125 Simple and Delicious Recipes,food_and_drink,20.1,5,12,382,2021-07-16 15:48:52
The Love and Lemons Cookbook: An Apple-to-Zucchini Celebration of Impromptu Cooking,food_and_drink,37.6,2,15,151,2021-07-16 15:48:52
Barefoot Contessa Back to Basics,food_and_drink,28.01,1,14,333,2021-07-16 15:48:52
"A la Mode: 120 Recipes in 60 Pairings: Pies, Tarts, Cakes, Crisps, and More Topped with Ice Cream, Gelato, Frozen Custard, and More",food_and_drink,38.77,1,12,389,2021-07-16 15:48:52
Vegan Vegetarian Omnivore: Dinner for Everyone at the Table,food_and_drink,13.66,2,3,703,2021-07-16 15:48:52
"Eat Fat, Get Thin",health,54.07,2,14,312,2021-07-16 15:48:52
10-Day Green Smoothie Cleanse: Lose Up to 15 Pounds in 10 Days!,health,49.71,5,10,419,2021-07-16 15:48:52
The Art and Science of Low Carbohydrate Living,health,52.98,5,9,430,2021-07-16 15:48:52
"The Bulletproof Diet: Lose up to a Pound a Day, Reclaim Energy and Focus, Upgrade Your Life",health,49.05,3,16,69,2021-07-16 15:48:52
The Girl You Left Behind (The Girl You Left Behind #1),historical,15.79,1,6,557,2021-07-16 15:48:52
All the Light We Cannot See,historical,29.87,5,14,340,2021-07-16 15:48:52
The Marriage of Opposites,historical_fiction,28.08,4,14,241,2021-07-16 15:48:52
The Constant Princess (The Tudor Court #1),historical_fiction,16.62,3,7,507,2021-07-16 15:48:52
The Last Painting of Sara de Vos,historical_fiction,55.55,2,3,741,2021-07-16 15:48:52
While You Were Mine,historical_fiction,41.32,5,1,903,2021-07-16 15:48:52
The Passion of Dolssa,historical_fiction,28.32,5,4,649,2021-07-16 15:48:52
A Flight of Arrows (The Pathfinders #2),historical_fiction,55.53,5,16,124,2021-07-16 15:48:52
The Secret Healer,historical_fiction,34.56,3,1,920,2021-07-16 15:48:52
Glory over Everything: Beyond The Kitchen House,historical_fiction,45.84,3,14,304,2021-07-16 15:48:52
A Spy's Devotion (The Regency Spies of London #1),historical_fiction,16.97,5,1,997,2021-07-16 15:48:52
Lilac Girls,historical_fiction,17.28,2,11,403,2021-07-16 15:48:52
Between Shades of Gray,historical_fiction,20.79,5,3,872,2021-07-16 15:48:52
The Invention of Wings,historical_fiction,37.34,1,6,552,2021-07-16 15:48:52
Voyager (Outlander #3),historical_fiction,21.07,5,3,701,2021-07-16 15:48:52
Mrs. Houdini,historical_fiction,30.25,5,15,179,2021-07-16 15:48:52
A Paris Apartment,historical_fiction,39.01,4,12,388,2021-07-16 15:48:52
Starlark,historical_fiction,25.83,3,1,944,2021-07-16 15:48:52
The Guernsey Literary and Potato Peel Pie Society,historical_fiction,49.53,1,3,747,2021-07-16 15:48:52
World Without End (The Pillars of the Earth #2),historical_fiction,32.97,4,5,580,2021-07-16 15:48:52
"Love, Lies and Spies",historical_fiction,20.55,2,12,378,2021-07-16 15:48:52
Tipping the Velvet,historical_fiction,53.74,1,20,1,2021-07-16 15:48:52
Forever and Forever: The Courtship of Henry Longfellow and Fanny Appleton,historical_fiction,29.69,3,16,106,2021-07-16 15:48:52
Lost Among the Living,historical_fiction,27.7,4,1,969,2021-07-16 15:48:52
Girl With a Pearl Earring,historical_fiction,26.77,1,4,678,2021-07-16 15:48:52
The Red Tent,historical_fiction,35.66,5,3,727,2021-07-16 15:48:52
Girl in the Blue Coat,historical_fiction,46.83,2,3,840,2021-07-16 15:48:52
The House by the Lake,historical_fiction,36.95,1,15,154,2021-07-16 15:48:52
"Unbound: How Eight Technologies Made Us Human, Transformed Society, and Brought Our World to the Brink",history,25.52,1,16,50,2021-07-16 15:48:52
The Mathews Men: Seven Brothers and the War Against Hitler's U-boats,history,42.91,5,5,592,2021-07-16 15:48:52
The Hiding Place,history,55.91,4,5,594,2021-07-16 15:48:52
Thomas Jefferson and the Tripoli Pirates: The Forgotten War That Changed American History,history,59.64,1,15,133,2021-07-16 15:48:52
Sapiens: A Brief History of Humankind,history,54.23,5,20,4,2021-07-16 15:48:52
A Distant Mirror: The Calamitous 14th Century,history,14.58,3,14,348,2021-07-16 15:48:52
The Age of Genius: The Seventeenth Century and the Birth of the Modern Mind,history,19.73,1,16,71,2021-07-16 15:48:52
"House of Lost Worlds: Dinosaurs, Dynasties, and the Story of Life on Earth",history,43.7,2,3,830,2021-07-16 15:48:52
"Political Suicide: Missteps, Peccadilloes, Bad Calls, Backroom Hijinx, Sordid Pasts, Rotten Breaks, and Just Plain Dumb Mistakes in the Annals of American Politics",history,36.28,2,16,83,2021-07-16 15:48:52
America's War for the Greater Middle East: A Military History,history,51.22,2,5,639,2021-07-16 15:48:52
1491: New Revelations of the Americas Before Columbus,history,21.8,3,14,350,2021-07-16 15:48:52
Brilliant Beacons: A History of the American Lighthouse,history,11.45,3,8,485,2021-07-16 15:48:52
The Rise and Fall of the Third Reich: A History of Nazi Germany,history,39.67,2,6,546,2021-07-16 15:48:52
A Short History of Nearly Everything,history,52.4,5,7,543,2021-07-16 15:48:52
Zealot: The Life and Times of Jesus of Nazareth,history,24.7,3,14,215,2021-07-16 15:48:52
"""Most Blessed of the Patriarchs"": Thomas Jefferson and the Empire of the Imagination",history,44.48,5,8,491,2021-07-16 15:48:52
The Guns of August,history,14.54,2,3,746,2021-07-16 15:48:52
Catherine the Great: Portrait of a Woman,history,58.55,4,6,576,2021-07-16 15:48:52
Security,horror,39.25,2,16,75,2021-07-16 15:48:52
It,horror,25.01,3,4,670,2021-07-16 15:48:52
Misery,horror,34.79,2,4,668,2021-07-16 15:48:52
Night Shift (Night Shift #1-20),horror,12.75,4,4,665,2021-07-16 15:48:52
Can You Keep a Secret? (Fear Street Relaunch #4),horror,48.64,1,12,386,2021-07-16 15:48:52
Dracula the Un-Dead,horror,35.63,5,5,630,2021-07-16 15:48:52
Needful Things,horror,47.51,4,4,666,2021-07-16 15:48:52
The Loney,horror,23.4,1,14,244,2021-07-16 15:48:52
Psycho: Sanitarium (Psycho #1.5),horror,36.97,5,12,372,2021-07-16 15:48:52
The Stand,horror,57.86,2,3,718,2021-07-16 15:48:52
The Girl with All the Gifts,horror,49.47,3,3,750,2021-07-16 15:48:52
Doctor Sleep (The Shining #2),horror,40.12,2,14,314,2021-07-16 15:48:52
House of Leaves,horror,54.89,1,3,831,2021-07-16 15:48:52
Pet Sematary,horror,10.56,3,14,274,2021-07-16 15:48:52
Follow You Home,horror,21.36,1,15,191,2021-07-16 15:48:52
Red Dragon (Hannibal Lecter #1),horror,23.37,3,5,610,2021-07-16 15:48:52
'Salem's Lot,horror,49.56,4,4,691,2021-07-16 15:48:52
Naked,humor,31.69,3,3,803,2021-07-16 15:48:52
Old School (Diary of a Wimpy Kid #10),humor,11.83,5,14,277,2021-07-16 15:48:52
"Hyperbole and a Half: Unfortunate Situations, Flawed Coping Mechanisms, Mayhem, and Other Things That Happened",humor,14.75,5,14,298,2021-07-16 15:48:52
I Know What I'm Doing -- and Other Lies I Tell Myself: Dispatches from a Life Under Construction,humor,25.98,4,14,296,2021-07-16 15:48:52
Holidays on Ice,humor,51.07,2,3,833,2021-07-16 15:48:52
The Long Haul (Diary of a Wimpy Kid #9),humor,44.07,1,14,243,2021-07-16 15:48:52
Dress Your Family in Corduroy and Denim,humor,43.68,3,9,438,2021-07-16 15:48:52
When You Are Engulfed in Flames,humor,30.89,5,3,697,2021-07-16 15:48:52
Toddlers Are A**holes: It's Not Your Fault,humor,25.55,1,7,497,2021-07-16 15:48:52
"Lamb: The Gospel According to Biff, Christ's Childhood Pal",humor,55.5,5,3,818,2021-07-16 15:48:52
Rip it Up and Start Again,music,35.02,5,19,14,2021-07-16 15:48:52
Please Kill Me: The Uncensored Oral History of Punk,music,31.19,4,8,463,2021-07-16 15:48:52
No One Here Gets Out Alive,music,20.02,5,4,664,2021-07-16 15:48:52
Forever Rockers (The Rocker #12),music,28.8,3,1,981,2021-07-16 15:48:52
Life,music,31.58,5,2,896,2021-07-16 15:48:52
This Is Your Brain on Music: The Science of a Human Obsession,music,38.4,1,5,586,2021-07-16 15:48:52
Old Records Never Die: One Man's Quest for His Vinyl and His Past,music,55.66,2,1,961,2021-07-16 15:48:52
Kill 'Em and Leave: Searching for James Brown and the American Soul,music,45.05,5,8,472,2021-07-16 15:48:52
How Music Works,music,37.32,2,19,21,2021-07-16 15:48:52
"Chronicles, Vol. 1",music,52.6,2,7,538,2021-07-16 15:48:52
"Our Band Could Be Your Life: Scenes from the American Indie Underground, 1981-1991",music,57.25,3,19,15,2021-07-16 15:48:52
Love Is a Mix Tape (Music #1),music,18.03,1,14,289,2021-07-16 15:48:52
"Orchestra of Exiles: The Story of Bronislaw Huberman, the Israel Philharmonic, and the One Thousand Jews He Saved from Nazi Horrors",music,12.36,3,4,663,2021-07-16 15:48:52
A Time of Torment (Charlie Parker #14),mystery,48.35,5,14,343,2021-07-16 15:48:52
"In a Dark, Dark Wood",mystery,19.63,1,18,37,2021-07-16 15:48:52
The Exiled,mystery,43.45,3,3,753,2021-07-16 15:48:52
Extreme Prey (Lucas Davenport #26),mystery,25.4,3,3,846,2021-07-16 15:48:52
The No. 1 Ladies' Detective Agency (No. 1 Ladies' Detective Agency #1),mystery,57.7,4,1,924,2021-07-16 15:48:52
Hide Away (Eve Duncan #20),mystery,11.84,1,12,380,2021-07-16 15:48:52
The Murder of Roger Ackroyd (Hercule Poirot #4),mystery,44.1,4,15,148,2021-07-16 15:48:52
The Cuckoo's Calling (Cormoran Strike #1),mystery,19.21,1,3,761,2021-07-16 15:48:52
The Bachelor Girl's Guide to Murder (Herringford and Watts Mysteries #1),mystery,52.3,5,7,509,2021-07-16 15:48:52
Most Wanted,mystery,35.28,3,12,377,2021-07-16 15:48:52
Murder at the 42nd Street Library (Raymond Ambler #1),mystery,54.36,4,12,376,2021-07-16 15:48:52
A Study in Scarlet (Sherlock Holmes #1),mystery,16.73,2,14,344,2021-07-16 15:48:52
Blood Defense (Samantha Brinkman #1),mystery,20.3,3,1,992,2021-07-16 15:48:52
Poisonous (Max Revere Novels #3),mystery,26.8,3,12,373,2021-07-16 15:48:52
1st to Die (Women's Murder Club #1),mystery,53.98,1,1,998,2021-07-16 15:48:52
The Past Never Ends,mystery,56.5,4,16,58,2021-07-16 15:48:52
The Last Mile (Amos Decker #2),mystery,54.21,2,14,246,2021-07-16 15:48:52
A Murder in Time,mystery,16.64,1,16,123,2021-07-16 15:48:52
The Girl In The Ice (DCI Erika Foster #1),mystery,15.85,3,1,935,2021-07-16 15:48:52
In the Woods (Dublin Murder Squad #1),mystery,38.38,2,6,567,2021-07-16 15:48:52
The Silkworm (Cormoran Strike #2),mystery,23.05,5,3,720,2021-07-16 15:48:52
What Happened on Beale Street (Secrets of the South Mysteries #2),mystery,25.37,5,7,494,2021-07-16 15:48:52
That Darkness (Gardiner and Renner #1),mystery,13.92,1,14,257,2021-07-16 15:48:52
Playing with Fire,mystery,13.71,3,11,398,2021-07-16 15:48:52
The Widow,mystery,27.26,2,11,391,2021-07-16 15:48:52
Sharp Objects,mystery,47.82,4,20,3,2021-07-16 15:48:52
Boar Island (Anna Pigeon #19),mystery,59.48,3,12,387,2021-07-16 15:48:52
Career of Evil (Cormoran Strike #3),mystery,24.72,2,3,863,2021-07-16 15:48:52
Delivering the Truth (Quaker Midwife Mystery #1),mystery,20.89,4,7,536,2021-07-16 15:48:52
Tastes Like Fear (DI Marnie Rome #3),mystery,10.69,1,14,258,2021-07-16 15:48:52
The Girl You Lost,mystery,12.29,5,1,934,2021-07-16 15:48:52
The Mysterious Affair at Styles (Hercule Poirot #1),mystery,24.8,4,6,548,2021-07-16 15:48:52
Without Borders (Wanderlove #1),new_adult,45.07,2,16,44,2021-07-16 15:48:52
The Hook Up (Game On #1),new_adult,36.29,5,1,932,2021-07-16 15:48:52
Shameless,new_adult,58.35,3,1,948,2021-07-16 15:48:52
The Mistake (Off-Campus #2),new_adult,43.29,3,15,149,2021-07-16 15:48:52
Off Sides (Off #1),new_adult,39.45,5,1,962,2021-07-16 15:48:52
The Matchmaker's Playbook (Wingmen Inc. #1),new_adult,55.85,1,15,150,2021-07-16 15:48:52
Disrupted: My Misadventure in the Start-Up Bubble,nonfiction,15.28,5,3,852,2021-07-16 15:48:52
God Is Not Great: How Religion Poisons Everything,nonfiction,27.8,1,4,677,2021-07-16 15:48:52
"Trespassing Across America: One Man's Epic, Never-Done-Before (and Sort of Illegal) Hike Across the Heartland",nonfiction,53.51,1,3,709,2021-07-16 15:48:52
The Five Love Languages: How to Express Heartfelt Commitment to Your Mate,nonfiction,31.05,3,18,31,2021-07-16 15:48:52
"Born to Run: A Hidden Tribe, Superathletes, and the Greatest Race the World Has Never Seen",nonfiction,27.35,2,3,867,2021-07-16 15:48:52
The Jazz of Physics: The Secret Link Between Music and the Structure of the Universe,nonfiction,38.71,3,4,650,2021-07-16 15:48:52
Worlds Elsewhere: Journeys Around Shakespeareâs Globe,nonfiction,40.3,5,18,28,2021-07-16 15:48:52
#HigherSelfie: Wake Up Your Life. Free Your Soul. Find Your Tribe.,nonfiction,23.11,5,17,43,2021-07-16 15:48:52
Throwing Rocks at the Google Bus: How Growth Became the Enemy of Prosperity,nonfiction,31.12,3,16,52,2021-07-16 15:48:52
The Literature Book (Big Ideas Simply Explained),nonfiction,17.43,3,14,245,2021-07-16 15:48:52
The Bad-Ass Librarians of Timbuktu: And Their Race to Save the Worldâs Most Precious Manuscripts,nonfiction,15.77,1,14,255,2021-07-16 15:48:52
"Eat, Pray, Love",nonfiction,51.32,3,1,984,2021-07-16 15:48:52
Brave Enough,nonfiction,51.32,5,3,865,2021-07-16 15:48:52
Under the Banner of Heaven: A Story of Violent Faith,nonfiction,30.0,1,3,705,2021-07-16 15:48:52
"Unseen City: The Majesty of Pigeons, the Discreet Charm of Snails & Other Wonders of the Urban Wilderness",nonfiction,44.18,4,16,48,2021-07-16 15:48:52
"Unstuffed: Decluttering Your Home, Mind, and Soul",nonfiction,58.09,1,3,704,2021-07-16 15:48:52
The Name of God is Mercy,nonfiction,37.25,2,3,736,2021-07-16 15:48:52
Very Good Lives: The Fringe Benefits of Failure and the Importance of Imagination,nonfiction,50.66,3,3,702,2021-07-16 15:48:52
The Gunning of America: Business and the Making of American Gun Culture,nonfiction,16.81,4,4,653,2021-07-16 15:48:52
Reasons to Stay Alive,nonfiction,26.41,2,17,41,2021-07-16 15:48:52
"Data, A Love Story: How I Gamed Online Dating to Meet My Match",nonfiction,32.35,3,5,633,2021-07-16 15:48:52
We the People: The Modern-Day Figures Who Have Reshaped and Affirmed the Founding Fathers' Vision of America,nonfiction,31.95,3,3,698,2021-07-16 15:48:52
Swell: A Year of Waves,nonfiction,45.58,1,14,260,2021-07-16 15:48:52
The Geography of Bliss: One Grump's Search for the Happiest Places in the World,nonfiction,28.23,2,4,654,2021-07-16 15:48:52
13 Hours: The Inside Account of What Really Happened In Benghazi,nonfiction,27.06,1,13,355,2021-07-16 15:48:52
Talking to Girls About Duran Duran: One Young Man's Quest for True Love and a Cooler Haircut,nonfiction,25.15,4,5,606,2021-07-16 15:48:52
Buying In: The Secret Dialogue Between What We Buy and Who We Are,nonfiction,37.8,4,14,330,2021-07-16 15:48:52
Chernobyl 01:23:40: The Incredible True Story of the World's Worst Nuclear Disaster,nonfiction,35.92,2,9,440,2021-07-16 15:48:52
Big Magic: Creative Living Beyond Fear,nonfiction,30.8,3,15,204,2021-07-16 15:48:52
"Zero to One: Notes on Startups, or How to Build the Future",nonfiction,34.06,3,8,445,2021-07-16 15:48:52
Why Not Me?,nonfiction,17.76,1,8,446,2021-07-16 15:48:52
When Breath Becomes Air,nonfiction,39.36,2,8,447,2021-07-16 15:48:52
Becoming Wise: An Inquiry into the Mystery and Art of Living,nonfiction,27.43,2,15,205,2021-07-16 15:48:52
The Omnivore's Dilemma: A Natural History of Four Meals,nonfiction,38.21,2,15,146,2021-07-16 15:48:52
"The Midnight Assassin: Panic, Scandal, and the Hunt for America's First Serial Killer",nonfiction,28.45,4,8,451,2021-07-16 15:48:52
The Power of Now: A Guide to Spiritual Enlightenment,nonfiction,43.54,2,15,145,2021-07-16 15:48:52
"Miracles from Heaven: A Little Girl, Her Journey to Heaven, and Her Amazing Story of Healing",nonfiction,57.83,1,3,805,2021-07-16 15:48:52
Smarter Faster Better: The Secrets of Being Productive in Life and Business,nonfiction,38.89,5,8,457,2021-07-16 15:48:52
A Walk in the Woods: Rediscovering America on the Appalachian Trail,nonfiction,30.48,4,3,882,2021-07-16 15:48:52
Night (The Night Trilogy #1),nonfiction,13.51,1,3,801,2021-07-16 15:48:52
Rising Strong,nonfiction,21.82,3,8,461,2021-07-16 15:48:52
Notes from a Small Island (Notes From a Small Island #1),nonfiction,40.17,1,3,800,2021-07-16 15:48:52
Man's Search for Meaning,nonfiction,29.48,3,8,467,2021-07-16 15:48:52
"Love That Boy: What Two Presidents, Eight Road Trips, and My Son Taught Me About a Parent's Expectations",nonfiction,25.06,2,8,468,2021-07-16 15:48:52
Living Forward: A Proven Plan to Stop Drifting and Get the Life You Want,nonfiction,12.55,3,8,469,2021-07-16 15:48:52
Brain on Fire: My Month of Madness,nonfiction,49.32,5,14,331,2021-07-16 15:48:52
The Genius of Birds,nonfiction,17.24,1,15,157,2021-07-16 15:48:52
The Artist's Way: A Spiritual Path to Higher Creativity,nonfiction,38.49,5,15,161,2021-07-16 15:48:52
Gratitude,nonfiction,26.66,5,3,837,2021-07-16 15:48:52
The Lonely City: Adventures in the Art of Being Alone,nonfiction,33.26,2,12,361,2021-07-16 15:48:52
"The Suffragettes (Little Black Classics, #96)",nonfiction,11.89,2,2,888,2021-07-16 15:48:52
The Diary of a Young Girl,nonfiction,59.9,3,12,366,2021-07-16 15:48:52
Snatched: How A Drug Queen Went Undercover for the DEA and Was Kidnapped By Colombian Guerillas,nonfiction,21.21,3,12,369,2021-07-16 15:48:52
I Am Malala: The Girl Who Stood Up for Education and Was Shot by the Taliban,nonfiction,28.88,2,3,828,2021-07-16 15:48:52
Furiously Happy: A Funny Book About Horrible Things,nonfiction,41.46,4,12,381,2021-07-16 15:48:52
Abstract City,nonfiction,56.37,5,14,342,2021-07-16 15:48:52
"In the Garden of Beasts: Love, Terror, and an American Family in Hitler's Berlin",nonfiction,28.85,3,3,825,2021-07-16 15:48:52
"The Sleep Revolution: Transforming Your Life, One Night at a Time",nonfiction,11.68,4,11,392,2021-07-16 15:48:52
My Mother Was Nuts,nonfiction,31.63,4,5,612,2021-07-16 15:48:52
Into the Wild,nonfiction,56.7,5,3,823,2021-07-16 15:48:52
"Mother, Can You Not?",nonfiction,16.89,5,11,401,2021-07-16 15:48:52
It's Never Too Late to Begin Again: Discovering Creativity and Meaning at Midlife and Beyond,nonfiction,42.38,1,3,821,2021-07-16 15:48:52
H is for Hawk,nonfiction,57.42,5,2,898,2021-07-16 15:48:52
Let's Pretend This Never Happened: A Mostly True Memoir,nonfiction,45.11,1,3,815,2021-07-16 15:48:52
"Daring Greatly: How the Courage to Be Vulnerable Transforms the Way We Live, Love, Parent, and Lead",nonfiction,19.43,3,15,201,2021-07-16 15:48:52
A Mother's Reckoning: Living in the Aftermath of Tragedy,nonfiction,19.53,3,11,415,2021-07-16 15:48:52
Letter to a Christian Nation,nonfiction,22.2,1,3,814,2021-07-16 15:48:52
"10% Happier: How I Tamed the Voice in My Head, Reduced Stress Without Losing My Edge, and Found Self-Help That Actually Works",nonfiction,24.57,2,10,418,2021-07-16 15:48:52
So You've Been Publicly Shamed,nonfiction,12.23,2,15,168,2021-07-16 15:48:52
Kindle Paperwhite User's Guide,nonfiction,34.0,3,2,897,2021-07-16 15:48:52
I Will Find You,nonfiction,44.21,1,8,476,2021-07-16 15:48:52
Finding God in the Ruins: How God Redeems Pain,nonfiction,46.64,2,7,534,2021-07-16 15:48:52
Agnostic: A Spirited Manifesto,nonfiction,12.51,5,15,214,2021-07-16 15:48:52
"Far & Away: Places on the Brink of Change: Seven Continents, Twenty-Five Years",nonfiction,15.06,4,14,306,2021-07-16 15:48:52
Whole Lotta Creativity Going On: 60 Fun and Unusual Exercises to Awaken and Strengthen Your Creativity,nonfiction,38.2,4,14,220,2021-07-16 15:48:52
What's It Like in Space?: Stories from Astronauts Who've Been There,nonfiction,19.6,2,14,221,2021-07-16 15:48:52
Hamilton: The Revolution,nonfiction,58.79,3,14,301,2021-07-16 15:48:52
In the Country We Love: My Family Divided,nonfiction,22.0,4,16,99,2021-07-16 15:48:52
Outliers: The Story of Success,nonfiction,14.16,1,3,796,2021-07-16 15:48:52
For the Love: Fighting for Grace in a World of Impossible Standards,nonfiction,45.13,3,7,533,2021-07-16 15:48:52
Black Flags: The Rise of ISIS,nonfiction,40.87,1,3,869,2021-07-16 15:48:52
Reskilling America: Learning to Labor in the Twenty-First Century,nonfiction,19.83,2,16,78,2021-07-16 15:48:52
"Girl, Interrupted",nonfiction,42.14,3,6,571,2021-07-16 15:48:52
Spilled Milk: Based on a True Story,nonfiction,49.51,1,3,775,2021-07-16 15:48:52
The End of the Jesus Era (An Investigation #1),nonfiction,14.4,1,1,936,2021-07-16 15:48:52
The Man Who Mistook His Wife for a Hat and Other Clinical Tales,nonfiction,59.45,4,6,549,2021-07-16 15:48:52
Stiff: The Curious Lives of Human Cadavers,nonfiction,36.74,3,3,774,2021-07-16 15:48:52
Let It Out: A Journey Through Journaling,nonfiction,26.79,5,14,292,2021-07-16 15:48:52
The Year of Magical Thinking,nonfiction,43.04,2,14,230,2021-07-16 15:48:52
Everydata: The Misinformation Hidden in the Little Data You Consume Every Day,nonfiction,54.35,2,16,109,2021-07-16 15:48:52
Why Save the Bankers?: And Other Essays on Our Economic and Political Crisis,nonfiction,48.67,2,5,582,2021-07-16 15:48:52
"Eaternity: More than 150 Deliciously Easy Vegan Recipes for a Long, Healthy, Satisfied, Joyful Life",nonfiction,51.75,5,14,311,2021-07-16 15:48:52
No Dream Is Too High: Life Lessons From a Man Who Walked on the Moon,nonfiction,21.95,2,14,278,2021-07-16 15:48:52
The Life-Changing Magic of Tidying Up: The Japanese Art of Decluttering and Organizing,nonfiction,16.77,3,16,64,2021-07-16 15:48:52
The Gutsy Girl: Escapades for Your Life of Epic Adventure,nonfiction,37.13,1,16,66,2021-07-16 15:48:52
Travels with Charley: In Search of America,nonfiction,57.82,5,1,910,2021-07-16 15:48:52
Brazen: The Courage to Find the You That's Been Hiding,nonfiction,19.22,2,8,486,2021-07-16 15:48:52
The Electric Pencil: Drawings from Inside State Hospital No. 3,nonfiction,56.06,1,16,67,2021-07-16 15:48:52
Between the World and Me,nonfiction,56.91,4,8,487,2021-07-16 15:48:52
In Cold Blood,nonfiction,49.98,4,6,568,2021-07-16 15:48:52
Blink: The Power of Thinking Without Thinking,nonfiction,21.74,5,3,868,2021-07-16 15:48:52
"A Murder Over a Girl: Justice, Gender, Junior High",nonfiction,13.2,3,8,489,2021-07-16 15:48:52
Spark Joy: An Illustrated Master Class on the Art of Organizing and Tidying Up,nonfiction,41.83,4,16,73,2021-07-16 15:48:52
"Rise of the Rocket Girls: The Women Who Propelled Us, from Missiles to the Moon to Mars",nonfiction,41.67,4,3,787,2021-07-16 15:48:52
Algorithms to Live By: The Computer Science of Human Decisions,nonfiction,30.81,1,16,120,2021-07-16 15:48:52
Are We Smart Enough to Know How Smart Animals Are?,nonfiction,56.58,1,3,879,2021-07-16 15:48:52
The Tumor,nonfiction,41.56,5,1,915,2021-07-16 15:48:52
Call the Nurse: True Stories of a Country Nurse on a Scottish Isle,nonfiction,29.14,5,16,115,2021-07-16 15:48:52
Being Mortal: Medicine and What Matters in the End,nonfiction,55.06,4,8,488,2021-07-16 15:48:52
Looking for Lovely: Collecting the Moments that Matter,nonfiction,29.14,5,14,290,2021-07-16 15:48:52
Suzie Snowflake: One beautiful flake (a self-esteem story),novels,54.81,5,9,432,2021-07-16 15:48:52
"Vampire Knight, Vol. 1 (Vampire Knight #1)",paranormal,15.4,1,1,907,2021-07-16 15:48:52
Catastrophic Happiness: Finding Joy in Childhood's Messy Years,parenting,37.35,2,3,862,2021-07-16 15:48:52
"At The Existentialist CafÃ©: Freedom, Being, and apricot cocktails with: Jean-Paul Sartre, Simone de Beauvoir, Albert Camus, Martin Heidegger, Edmund Husserl, Karl Jaspers, Maurice Merleau-Ponty and others",philosophy,29.93,5,7,541,2021-07-16 15:48:52
Beyond Good and Evil,philosophy,43.38,1,1,994,2021-07-16 15:48:52
"Run, Spot, Run: The Ethics of Keeping Pets",philosophy,20.02,1,2,894,2021-07-16 15:48:52
The Nicomachean Ethics,philosophy,36.34,1,1,925,2021-07-16 15:48:52
Meditations,philosophy,25.89,2,1,967,2021-07-16 15:48:52
Sophie's World,philosophy,15.94,5,18,34,2021-07-16 15:48:52
Proofs of God: Classical Arguments from Tertullian to Barth,philosophy,54.21,1,8,462,2021-07-16 15:48:52
The Death of Humanity: and the Case for Life,philosophy,58.11,4,16,68,2021-07-16 15:48:52
Kierkegaard: A Christian Missionary to Christians,philosophy,47.13,1,8,473,2021-07-16 15:48:52
Critique of Pure Reason,philosophy,20.75,1,5,634,2021-07-16 15:48:52
The Stranger,philosophy,17.44,4,15,139,2021-07-16 15:48:52
Twenty Love Poems and a Song of Despair,poetry,30.95,4,1,909,2021-07-16 15:48:52
A Light in the Attic,poetry,51.77,3,22,0,2021-07-16 15:48:52
Night Sky with Exit Wounds,poetry,41.05,1,15,178,2021-07-16 15:48:52
Howl and Other Poems,poetry,40.45,2,8,478,2021-07-16 15:48:52
Les Fleurs du Mal,poetry,29.04,5,8,470,2021-07-16 15:48:52
Slow States of Collapse: Poems,poetry,57.31,3,17,40,2021-07-16 15:48:52
Out of Print: City Lights Spotlight No. 14,poetry,53.64,5,8,464,2021-07-16 15:48:52
Booked,poetry,17.49,5,5,635,2021-07-16 15:48:52
salt.,poetry,46.78,4,14,269,2021-07-16 15:48:52
You can't bury them all: Poems,poetry,33.63,2,17,39,2021-07-16 15:48:52
Olio,poetry,23.88,1,19,16,2021-07-16 15:48:52
Leave This Song Behind: Teen Poetry at Its Best,poetry,51.17,5,7,526,2021-07-16 15:48:52
The Collected Poems of W.B. Yeats (The Collected Works of W.B. Yeats #1),poetry,15.42,5,6,559,2021-07-16 15:48:52
Poems That Make Grown Women Cry,poetry,14.19,4,15,176,2021-07-16 15:48:52
Shakespeare's Sonnets,poetry,20.66,4,19,11,2021-07-16 15:48:52
The Black Maria,poetry,52.15,1,19,9,2021-07-16 15:48:52
The Crossover,poetry,38.77,4,5,602,2021-07-16 15:48:52
"Quarter Life Poetry: Poems for the Young, Broke and Hangry",poetry,50.89,5,14,273,2021-07-16 15:48:52
Untitled Collection: Sabbath Poems 2014,poetry,14.27,4,16,47,2021-07-16 15:48:52
Libertarianism for Beginners,politics,51.33,2,19,18,2021-07-16 15:48:52
Equal Is Unfair: America's Misguided Fight Against Income Inequality,politics,56.86,1,12,383,2021-07-16 15:48:52
Why the Right Went Wrong: Conservatism--From Goldwater to the Tea Party and Beyond,politics,52.65,4,14,219,2021-07-16 15:48:52
The Golden Condom: And Other Essays on Love Lost and Found,psychology,39.43,1,12,363,2021-07-16 15:48:52
An Unquiet Mind: A Memoir of Moods and Madness,psychology,21.3,3,6,578,2021-07-16 15:48:52
"Thinking, Fast and Slow",psychology,21.14,1,3,711,2021-07-16 15:48:52
Civilization and Its Discontents,psychology,59.95,2,3,860,2021-07-16 15:48:52
The Lucifer Effect: Understanding How Good People Turn Evil,psychology,10.4,1,14,242,2021-07-16 15:48:52
8 Keys to Mental Health Through Exercise,psychology,31.04,1,3,886,2021-07-16 15:48:52
It Didn't Start with You: How Inherited Family Trauma Shapes Who We Are and How to End the Cycle,psychology,56.27,3,11,407,2021-07-16 15:48:52
Choosing Our Religion: The Spiritual Lives of America's Nones,religion,28.42,4,1,986,2021-07-16 15:48:52
The Book of Mormon,religion,24.57,3,9,429,2021-07-16 15:48:52
You Are What You Love: The Spiritual Power of Habit,religion,21.87,4,15,128,2021-07-16 15:48:52
The Bhagavad Gita,religion,57.49,3,1,940,2021-07-16 15:48:52
God: The Most Unpleasant Character in All Fiction,religion,30.03,5,14,303,2021-07-16 15:48:52
"A History of God: The 4,000-Year Quest of Judaism, Christianity, and Islam",religion,27.62,1,4,690,2021-07-16 15:48:52
"Don't Be a Jerk: And Other Practical Advice from Dogen, Japan's Greatest Zen Master",religion,37.97,2,16,110,2021-07-16 15:48:52
The Wedding Dress,romance,24.12,1,15,136,2021-07-16 15:48:52
Black Dust,romance,34.53,5,19,24,2021-07-16 15:48:52
"Rhythm, Chord & Malykhin",romance,28.34,2,1,953,2021-07-16 15:48:52
Listen to Me (Fusion #1),romance,58.99,3,1,971,2021-07-16 15:48:52
Dirty (Dive Bar #1),romance,40.83,4,12,385,2021-07-16 15:48:52
Something More Than This,romance,16.24,4,15,166,2021-07-16 15:48:52
Best of My Love (Fool's Gold #20),romance,27.41,2,3,873,2021-07-16 15:48:52
My Perfect Mistake (Over the Top #1),romance,38.92,2,1,965,2021-07-16 15:48:52
The Wedding Pact (The O'Malleys #2),romance,32.61,3,14,233,2021-07-16 15:48:52
"Sit, Stay, Love",romance,20.9,3,7,514,2021-07-16 15:48:52
Where Lightning Strikes (Bleeding Stars #3),romance,39.77,3,1,904,2021-07-16 15:48:52
Reservations for Two,romance,11.1,3,3,789,2021-07-16 15:48:52
Off the Hook (Fishing for Trouble #1),romance,47.67,3,11,399,2021-07-16 15:48:52
Suddenly in Love (Lake Haven #1),romance,55.99,2,15,165,2021-07-16 15:48:52
Take Me Home Tonight (Rock Star Romance #3),romance,53.98,3,11,395,2021-07-16 15:48:52
Chase Me (Paris Nights #2),romance,25.27,5,19,23,2021-07-16 15:48:52
Imperfect Harmony,romance,34.74,4,1,974,2021-07-16 15:48:52
First and First (Five Boroughs #3),romance,15.97,4,16,107,2021-07-16 15:48:52
Hold Your Breath (Search and Rescue #1),romance,28.82,1,14,300,2021-07-16 15:48:52
Her Backup Boyfriend (The Sorensen Family #1),romance,33.97,1,16,104,2021-07-16 15:48:52
A Walk to Remember,romance,56.43,1,4,688,2021-07-16 15:48:52
Bounty (Colorado Mountain #7),romance,37.26,4,1,991,2021-07-16 15:48:52
Changing the Game (Play by Play #2),romance,13.38,3,4,683,2021-07-16 15:48:52
The Purest Hook (Second Circle Tattoos #3),romance,12.25,1,3,729,2021-07-16 15:48:52
Dark Lover (Black Dagger Brotherhood #1),romance,12.87,1,4,681,2021-07-16 15:48:52
The Obsession,romance,45.43,1,3,732,2021-07-16 15:48:52
Charity's Cross (Charles Towne Belles #4),romance,41.24,1,1,988,2021-07-16 15:48:52
Deep Under (Walker Security #1),romance,47.09,5,1,985,2021-07-16 15:48:52
The Perfect Play (Play by Play #1),romance,59.99,3,4,648,2021-07-16 15:48:52
A Girl's Guide to Moving On (New Beginnings #2),romance,31.3,1,5,641,2021-07-16 15:48:52
Fifty Shades Darker (Fifty Shades #2),romance,21.96,1,16,108,2021-07-16 15:48:52
Doing It Over (Most Likely To #1),romance,35.61,3,15,198,2021-07-16 15:48:52
A Gentleman's Position (Society of Gentlemen #3),romance,14.75,5,11,416,2021-07-16 15:48:52
Fighting Fate (Fighting #6),romance,39.24,3,1,982,2021-07-16 15:48:52
This One Moment (Pushing Limits #1),romance,48.71,1,1,912,2021-07-16 15:48:52
Sorting the Beef from the Bull: The Science of Food Fraud Forensics,science,44.74,4,14,264,2021-07-16 15:48:52
The Most Perfect Thing: Inside (and Outside) a Bird's Egg,science,42.96,4,16,62,2021-07-16 15:48:52
The Selfish Gene,science,29.45,1,1,919,2021-07-16 15:48:52
The Grand Design,science,13.76,3,5,595,2021-07-16 15:48:52
"The Disappearing Spoon: And Other True Tales of Madness, Love, and the History of the World from the Periodic Table of the Elements",science,57.35,5,3,756,2021-07-16 15:48:52
"The Elegant Universe: Superstrings, Hidden Dimensions, and the Quest for the Ultimate Theory",science,13.03,4,3,755,2021-07-16 15:48:52
"Surely You're Joking, Mr. Feynman!: Adventures of a Curious Character",science,25.83,2,3,773,2021-07-16 15:48:52
Peak: Secrets from the New Science of Expertise,science,16.28,2,5,611,2021-07-16 15:48:52
Seven Brief Lessons on Physics,science,30.6,4,3,781,2021-07-16 15:48:52
The Origin of Species,science,10.01,4,7,501,2021-07-16 15:48:52
"The Fabric of the Cosmos: Space, Time, and the Texture of Reality",science,55.91,1,9,428,2021-07-16 15:48:52
Immunity: How Elie Metchnikoff Changed the Course of Modern Medicine,science,57.36,5,16,100,2021-07-16 15:48:52
Tipping Point for Planet Earth: How Close Are We to the Edge?,science,37.55,1,12,357,2021-07-16 15:48:52
Diary of a Citizen Scientist: Chasing Tiger Beetles and Other New Ways of Engaging the World,science,28.41,1,8,483,2021-07-16 15:48:52
The Last Girl (The Dominion Trilogy #1),science_fiction,36.26,2,1,930,2021-07-16 15:48:52
"Life, the Universe and Everything (Hitchhiker's Guide to the Galaxy #3)",science_fiction,33.26,2,3,811,2021-07-16 15:48:52
Soft Apocalypse,science_fiction,26.12,2,15,167,2021-07-16 15:48:52
Arena,science_fiction,21.36,4,11,413,2021-07-16 15:48:52
Foundation (Foundation (Publication Order) #1),science_fiction,32.42,1,5,625,2021-07-16 15:48:52
"William Shakespeare's Star Wars: Verily, A New Hope (William Shakespeare's Star Wars #4)",science_fiction,43.3,4,15,129,2021-07-16 15:48:52
Sleeping Giants (Themis Files #1),science_fiction,48.74,1,11,396,2021-07-16 15:48:52
Having the Barbarian's Baby (Ice Planet Barbarians #7.5),science_fiction,34.96,4,1,977,2021-07-16 15:48:52
Mesaerion: The Best Science Fiction Stories 1800-1849,science_fiction,37.59,1,19,17,2021-07-16 15:48:52
Do Androids Dream of Electric Sheep? (Blade Runner #1),science_fiction,51.48,1,3,851,2021-07-16 15:48:52
Ready Player One,science_fiction,19.07,4,3,791,2021-07-16 15:48:52
Dune (Dune #1),science_fiction,54.86,1,3,849,2021-07-16 15:48:52
Three Wishes (River of Time: California #1),science_fiction,44.18,2,1,911,2021-07-16 15:48:52
The Project,science_fiction,10.65,1,15,144,2021-07-16 15:48:52
The Restaurant at the End of the Universe (Hitchhiker's Guide to the Galaxy #2),science_fiction,10.92,1,3,725,2021-07-16 15:48:52
Join,science_fiction,35.67,5,16,98,2021-07-16 15:48:52
"Overload: How to Unplug, Unwind, and Unleash Yourself from the Pressure of Stress",self_help,52.15,3,14,275,2021-07-16 15:48:52
Online Marketing for Busy Authors: A Step-By-Step Guide,self_help,46.35,1,16,87,2021-07-16 15:48:52
How to Be Miserable: 40 Strategies You Already Use,self_help,46.03,1,16,103,2021-07-16 15:48:52
You Are a Badass: How to Stop Doubting Your Greatness and Start Living an Awesome Life,self_help,12.08,3,7,492,2021-07-16 15:48:52
How to Stop Worrying and Start Living,self_help,46.49,5,6,569,2021-07-16 15:48:52
Superman Vol. 1: Before Truth (Superman by Gene Luen Yang #1),sequential_art,11.89,5,14,261,2021-07-16 15:48:52
"Giant Days, Vol. 2 (Giant Days #5-8)",sequential_art,22.11,2,16,105,2021-07-16 15:48:52
"The Sandman, Vol. 2: The Doll's House (The Sandman (volumes) #2)",sequential_art,54.81,1,2,890,2021-07-16 15:48:52
Lowriders to the Center of the Earth (Lowriders in Space #2),sequential_art,51.51,2,14,288,2021-07-16 15:48:52
I am a Hero Omnibus Volume 1,sequential_art,54.63,3,16,102,2021-07-16 15:48:52
"Naruto (3-in-1 Edition), Vol. 14: Includes Vols. 40, 41 & 42 (Naruto: Omnibus #14)",sequential_art,38.39,2,14,279,2021-07-16 15:48:52
"Fables, Vol. 1: Legends in Exile (Fables #1)",sequential_art,41.62,4,15,194,2021-07-16 15:48:52
Batman: The Long Halloween (Batman),sequential_art,36.5,2,15,207,2021-07-16 15:48:52
Batman: The Dark Knight Returns (Batman),sequential_art,15.38,5,15,208,2021-07-16 15:48:52
"I Hate Fairyland, Vol. 1: Madly Ever After (I Hate Fairyland (Compilations) #1-5)",sequential_art,29.17,2,16,101,2021-07-16 15:48:52
"Wonder Woman: Earth One, Volume One (Wonder Woman: Earth One #1)",sequential_art,37.34,4,14,217,2021-07-16 15:48:52
"Red Hood/Arsenal, Vol. 1: Open for Business (Red Hood/Arsenal #1)",sequential_art,25.48,2,14,271,2021-07-16 15:48:52
Robin War,sequential_art,47.82,3,14,270,2021-07-16 15:48:52
Awkward,sequential_art,38.02,2,3,876,2021-07-16 15:48:52
El Deafo,sequential_art,57.62,5,14,309,2021-07-16 15:48:52
Through the Woods,sequential_art,25.38,2,14,228,2021-07-16 15:48:52
"Black Butler, Vol. 1 (Black Butler #1)",sequential_art,49.31,1,3,870,2021-07-16 15:48:52
Lumberjanes Vol. 3: A Terrible Plan (Lumberjanes #9-12),sequential_art,19.92,2,16,95,2021-07-16 15:48:52
"Lumberjanes, Vol. 1: Beware the Kitten Holy (Lumberjanes #1-4)",sequential_art,45.61,3,16,94,2021-07-16 15:48:52
The Complete Maus (Maus #1-2),sequential_art,10.64,3,1,938,2021-07-16 15:48:52
"The Sandman, Vol. 1: Preludes and Nocturnes (The Sandman (volumes) #1)",sequential_art,54.12,3,1,921,2021-07-16 15:48:52
"So Cute It Hurts!!, Vol. 6 (So Cute It Hurts!! #6)",sequential_art,35.43,4,14,266,2021-07-16 15:48:52
"Lumberjanes, Vol. 2: Friendship to the Max (Lumberjanes #5-8)",sequential_art,46.91,2,16,93,2021-07-16 15:48:52
"We Are Robin, Vol. 1: The Vigilante Business (We Are Robin #1)",sequential_art,53.9,1,14,222,2021-07-16 15:48:52
"Codename Baboushka, Volume 1: The Conclave of Death",sequential_art,36.72,4,16,113,2021-07-16 15:48:52
"Fruits Basket, Vol. 3 (Fruits Basket #3)",sequential_art,45.17,2,3,841,2021-07-16 15:48:52
Prodigy: The Graphic Novel (Legend: The Graphic Novel #2),sequential_art,43.63,3,3,793,2021-07-16 15:48:52
"Saga, Volume 3 (Saga (Collected Editions) #3)",sequential_art,21.57,5,3,784,2021-07-16 15:48:52
"Ms. Marvel, Vol. 1: No Normal (Ms. Marvel (2014-2015) #1)",sequential_art,39.39,4,1,966,2021-07-16 15:48:52
"Fruits Basket, Vol. 7 (Fruits Basket #7)",sequential_art,19.57,1,7,532,2021-07-16 15:48:52
The Shadow Hero (The Shadow Hero),sequential_art,33.14,1,15,140,2021-07-16 15:48:52
"Fruits Basket, Vol. 6 (Fruits Basket #6)",sequential_art,20.96,4,6,573,2021-07-16 15:48:52
"Death Note, Vol. 6: Give-and-Take (Death Note #6)",sequential_art,36.39,3,6,575,2021-07-16 15:48:52
"Hawkeye, Vol. 1: My Life as a Weapon (Hawkeye #1)",sequential_art,45.24,3,1,976,2021-07-16 15:48:52
"Giant Days, Vol. 1 (Giant Days #1-4)",sequential_art,56.76,4,1,978,2021-07-16 15:48:52
"Fruits Basket, Vol. 1 (Fruits Basket #1)",sequential_art,40.28,5,1,979,2021-07-16 15:48:52
Persepolis: The Story of a Childhood (Persepolis #1-2),sequential_art,39.13,1,3,794,2021-07-16 15:48:52
Danganronpa Volume 1,sequential_art,51.99,4,16,111,2021-07-16 15:48:52
"Death Note, Vol. 5: Whiteout (Death Note #5)",sequential_art,52.41,1,5,632,2021-07-16 15:48:52
"The Demon Prince of Momochi House, Vol. 4 (The Demon Prince of Momochi House #4)",sequential_art,27.88,2,4,656,2021-07-16 15:48:52
"The Wicked + The Divine, Vol. 1: The Faust Act (The Wicked + The Divine)",sequential_art,36.52,2,1,914,2021-07-16 15:48:52
Scott Pilgrim's Precious Little Life (Scott Pilgrim #1),sequential_art,52.29,5,19,13,2021-07-16 15:48:52
"Fruits Basket, Vol. 4 (Fruits Basket #4)",sequential_art,50.44,4,4,679,2021-07-16 15:48:52
"Bitch Planet, Vol. 1: Extraordinary Machine (Bitch Planet (Collected Editions))",sequential_art,37.92,2,16,118,2021-07-16 15:48:52
"Bleach, Vol. 1: Strawberry and the Soul Reapers (Bleach #1)",sequential_art,34.65,5,1,993,2021-07-16 15:48:52
"The Sandman, Vol. 3: Dream Country (The Sandman (volumes) #3)",sequential_art,55.55,5,3,721,2021-07-16 15:48:52
"Ajin: Demi-Human, Volume 1 (Ajin: Demi-Human #1)",sequential_art,57.06,4,1,996,2021-07-16 15:48:52
"The Wicked + The Divine, Vol. 3: Commercial Suicide (The Wicked + The Divine)",sequential_art,14.41,3,3,713,2021-07-16 15:48:52
"Fruits Basket, Vol. 5 (Fruits Basket #5)",sequential_art,16.33,1,5,624,2021-07-16 15:48:52
"Fruits Basket, Vol. 2 (Fruits Basket #2)",sequential_art,11.64,5,2,900,2021-07-16 15:48:52
Original Fake,sequential_art,31.45,3,3,797,2021-07-16 15:48:52
Roller Girl,sequential_art,14.1,5,8,460,2021-07-16 15:48:52
orange: The Complete Collection 1 (orange: The Complete Collection #1),sequential_art,48.41,1,16,86,2021-07-16 15:48:52
"Outcast, Vol. 1: A Darkness Surrounds Him (Outcast #1)",sequential_art,15.44,4,16,85,2021-07-16 15:48:52
Batman: Europa,sequential_art,32.01,2,14,332,2021-07-16 15:48:52
Art Ops Vol. 1,sequential_art,48.8,3,14,336,2021-07-16 15:48:52
"Grayson, Vol 3: Nemesis (Grayson #3)",sequential_art,42.72,1,3,836,2021-07-16 15:48:52
"Skip Beat!, Vol. 01 (Skip Beat! #1)",sequential_art,42.12,3,1,945,2021-07-16 15:48:52
"Adulthood Is a Myth: A ""Sarah's Scribbles"" Collection",sequential_art,10.9,2,14,341,2021-07-16 15:48:52
Patience,sequential_art,10.16,3,16,84,2021-07-16 15:48:52
"Pop Gun War, Volume 1: Gift",sequential_art,18.97,1,16,82,2021-07-16 15:48:52
"Princess Jellyfish 2-in-1 Omnibus, Vol. 01 (Princess Jellyfish 2-in-1 Omnibus #1)",sequential_art,13.61,5,16,80,2021-07-16 15:48:52
Tsubasa: WoRLD CHRoNiCLE 2 (Tsubasa WoRLD CHRoNiCLE #2),sequential_art,16.28,1,16,51,2021-07-16 15:48:52
"Rat Queens, Vol. 3: Demons (Rat Queens (Collected Editions) #11-15)",sequential_art,50.4,3,16,79,2021-07-16 15:48:52
"Saga, Volume 1 (Saga (Collected Editions) #1)",sequential_art,28.48,1,1,952,2021-07-16 15:48:52
"Rat Queens, Vol. 1: Sass & Sorcery (Rat Queens (Collected Editions) #1-5)",sequential_art,46.96,5,1,954,2021-07-16 15:48:52
Camp Midnight,sequential_art,17.08,4,16,114,2021-07-16 15:48:52
"Paper Girls, Vol. 1 (Paper Girls #1-5)",sequential_art,21.71,4,1,956,2021-07-16 15:48:52
"Y: The Last Man, Vol. 1: Unmanned (Y: The Last Man #1)",sequential_art,18.51,4,1,902,2021-07-16 15:48:52
"Fruits Basket, Vol. 9 (Fruits Basket #9)",sequential_art,33.95,4,9,437,2021-07-16 15:48:52
"Ouran High School Host Club, Vol. 1 (Ouran High School Host Club #1)",sequential_art,29.87,3,1,957,2021-07-16 15:48:52
"Saga, Volume 2 (Saga (Collected Editions) #2)",sequential_art,11.75,3,2,893,2021-07-16 15:48:52
This One Summer,sequential_art,19.49,4,16,53,2021-07-16 15:48:52
"Saga, Volume 5 (Saga (Collected Editions) #5)",sequential_art,51.04,2,16,77,2021-07-16 15:48:52
The Nameless City (The Nameless City #1),sequential_art,38.16,4,16,60,2021-07-16 15:48:52
The Grownup,short_stories,35.88,1,8,454,2021-07-16 15:48:52
The Activist's Tao Te Ching: Ancient Advice for a Modern Revolution,spirituality,32.24,5,16,72,2021-07-16 15:48:52
Chasing Heaven: What Dying Taught Me About Living,spirituality,37.8,2,15,203,2021-07-16 15:48:52
A New Earth: Awakening to Your Life's Purpose,spirituality,55.65,5,4,689,2021-07-16 15:48:52
Unreasonable Hope: Finding Faith in the God Who Brings Purpose to Your Pain,spirituality,46.33,2,7,495,2021-07-16 15:48:52
If I Gave You God's Phone Number....: Searching for Spirituality in America,spirituality,20.91,1,9,436,2021-07-16 15:48:52
The Four Agreements: A Practical Guide to Personal Freedom,spirituality,17.66,5,18,30,2021-07-16 15:48:52
Settling the Score (The Summer Games #1),sports_and_games,44.91,2,1,950,2021-07-16 15:48:52
Icing (Aces Hockey #2),sports_and_games,40.44,4,1,975,2021-07-16 15:48:52
"Friday Night Lights: A Town, a Team, and a Dream",sports_and_games,51.22,3,3,842,2021-07-16 15:48:52
Sugar Rush (Offensive Line #2),sports_and_games,24.42,1,2,892,2021-07-16 15:48:52
The Book of Basketball: The NBA According to The Sports Guy,sports_and_games,44.84,5,3,768,2021-07-16 15:48:52
Silence in the Dark (Logan Point #4),suspense,58.33,3,8,458,2021-07-16 15:48:52
The Elephant Tree,thriller,23.82,5,18,32,2021-07-16 15:48:52
The Guilty (Will Robie #4),thriller,13.82,2,14,250,2021-07-16 15:48:52
Give It Back,thriller,18.32,2,6,570,2021-07-16 15:48:52
The 14th Colony (Cotton Malone #11),thriller,39.24,1,14,256,2021-07-16 15:48:52
In Her Wake,thriller,12.84,1,19,20,2021-07-16 15:48:52
Killing Floor (Jack Reacher #1),thriller,31.49,4,5,618,2021-07-16 15:48:52
The Bone Hunters (Lexy Vaughan & Steven Macaulay #2),thriller,59.71,3,4,657,2021-07-16 15:48:52
Far From True (Promise Falls Trilogy #2),thriller,34.93,2,4,680,2021-07-16 15:48:52
You (You #1),thriller,43.61,5,14,216,2021-07-16 15:48:52
Behind Closed Doors,thriller,52.22,4,18,38,2021-07-16 15:48:52
The Travelers,thriller,15.77,1,3,715,2021-07-16 15:48:52
It's Only the Himalayas,travel,45.17,2,19,19,2021-07-16 15:48:52
See America: A Celebration of Our National Parks & Treasured Sites,travel,48.87,3,14,268,2021-07-16 15:48:52
"1,000 Places to See Before You Die",travel,26.08,5,1,999,2021-07-16 15:48:52
Neither Here nor There: Travels in Europe,travel,38.95,3,3,802,2021-07-16 15:48:52
Vagabonding: An Uncommon Guide to the Art of Long-Term World Travel,travel,36.94,2,8,448,2021-07-16 15:48:52
A Summer In Europe,travel,44.34,2,7,542,2021-07-16 15:48:52
The Great Railway Bazaar,travel,30.54,1,6,554,2021-07-16 15:48:52
A Year in Provence (Provence #1),travel,56.88,4,6,579,2021-07-16 15:48:52
Full Moon over Noahâs Ark: An Odyssey to Mount Ararat and Beyond,travel,49.43,4,15,189,2021-07-16 15:48:52
Under the Tuscan Sun,travel,37.33,3,7,496,2021-07-16 15:48:52
The Road to Little Dribbling: Adventures of an American in Britain (Notes From a Small Island #2),travel,23.21,1,3,723,2021-07-16 15:48:52
Will You Won't You Want Me?,womens_fiction,13.86,3,12,356,2021-07-16 15:48:52
Grey (Fifty Shades #4),womens_fiction,48.49,4,11,408,2021-07-16 15:48:52
I Had a Nice Time And Other Lies...: How to find love & sh*t like that,womens_fiction,57.36,4,15,186,2021-07-16 15:48:52
The Devil Wears Prada (The Devil Wears Prada #1),womens_fiction,44.29,1,3,757,2021-07-16 15:48:52
Something Borrowed (Darcy & Rachel #1),womens_fiction,48.96,5,3,776,2021-07-16 15:48:52
Twenties Girl,womens_fiction,42.8,2,3,708,2021-07-16 15:48:52
Keep Me Posted,womens_fiction,20.46,4,11,406,2021-07-16 15:48:52
The Undomestic Goddess,womens_fiction,45.75,4,3,714,2021-07-16 15:48:52
Something Blue (Darcy & Rachel #2),womens_fiction,54.62,1,3,777,2021-07-16 15:48:52
Meternity,womens_fiction,43.58,3,7,522,2021-07-16 15:48:52
Some Women,womens_fiction,13.73,5,4,659,2021-07-16 15:48:52
Shopaholic Ties the Knot (Shopaholic #3),womens_fiction,48.39,5,4,660,2021-07-16 15:48:52
The Nanny Diaries (Nanny #1),womens_fiction,52.53,5,3,735,2021-07-16 15:48:52
Bridget Jones's Diary (Bridget Jones #1),womens_fiction,29.82,1,1,990,2021-07-16 15:48:52
Can You Keep a Secret?,womens_fiction,21.94,1,4,685,2021-07-16 15:48:52
The Edge of Reason (Bridget Jones #2),womens_fiction,19.18,4,1,937,2021-07-16 15:48:52
I've Got Your Number,womens_fiction,19.69,1,3,827,2021-07-16 15:48:52
The Requiem Red,young_adult,22.65,1,19,5,2021-07-16 15:48:52
Two Boys Kissing,young_adult,32.74,2,3,706,2021-07-16 15:48:52
Walk the Edge (Thunder Road #2),young_adult,32.36,3,3,700,2021-07-16 15:48:52
Tell the Wolves I'm Home,young_adult,50.96,2,6,561,2021-07-16 15:48:52
Scarlet (The Lunar Chronicles #2),young_adult,14.57,4,3,782,2021-07-16 15:48:52
Set Me Free,young_adult,17.46,5,19,12,2021-07-16 15:48:52
Where She Went (If I Stay #2),young_adult,41.73,4,5,583,2021-07-16 15:48:52
Two Summers,young_adult,14.64,1,5,585,2021-07-16 15:48:52
The Darkest Corners,young_adult,11.33,5,5,601,2021-07-16 15:48:52
Tell Me Three Things,young_adult,41.81,1,5,605,2021-07-16 15:48:52
Nightstruck: A Novel,young_adult,50.35,4,7,520,2021-07-16 15:48:52
Kill the Boy Band,young_adult,15.52,5,5,619,2021-07-16 15:48:52
Isla and the Happily Ever After (Anna and the French Kiss #3),young_adult,48.13,5,5,620,2021-07-16 15:48:52
An Abundance of Katherines,young_adult,10.0,5,5,638,2021-07-16 15:48:52
"The Land of 10,000 Madonnas",young_adult,29.64,4,3,742,2021-07-16 15:48:52
Harry Potter and the Prisoner of Azkaban (Harry Potter #3),young_adult,24.17,4,4,672,2021-07-16 15:48:52
The New Guy (and Other Senior Year Distractions),young_adult,44.92,3,3,734,2021-07-16 15:48:52
"Will Grayson, Will Grayson (Will Grayson, Will Grayson)",young_adult,47.31,4,5,581,2021-07-16 15:48:52
Lola and the Boy Next Door (Anna and the French Kiss #2),young_adult,23.63,4,5,615,2021-07-16 15:48:52
A Fierce and Subtle Poison,young_adult,28.13,4,16,125,2021-07-16 15:48:52
My Life Next Door (My Life Next Door ),young_adult,36.39,5,8,465,2021-07-16 15:48:52
Girl Online On Tour (Girl Online #2),young_adult,53.47,1,2,899,2021-07-16 15:48:52
Scarlett Epstein Hates It Here,young_adult,43.55,5,15,172,2021-07-16 15:48:52
"Nightingale, Sing",young_adult,38.28,1,15,177,2021-07-16 15:48:52
New Moon (Twilight #2),young_adult,12.86,4,2,895,2021-07-16 15:48:52
Library of Souls (Miss Peregrineâs Peculiar Children #3),young_adult,48.56,5,15,184,2021-07-16 15:48:52
Frostbite (Vampire Academy #2),young_adult,29.99,5,15,190,2021-07-16 15:48:52
Annie on My Mind,young_adult,36.83,5,3,880,2021-07-16 15:48:52
Wild Swans,young_adult,14.36,2,14,218,2021-07-16 15:48:52
Until Friday Night (The Field Party #1),young_adult,46.31,2,14,225,2021-07-16 15:48:52
This Is Where It Ends,young_adult,27.12,2,14,229,2021-07-16 15:48:52
The Haters,young_adult,27.89,5,1,933,2021-07-16 15:48:52
Boy Meets Boy,young_adult,21.12,3,3,866,2021-07-16 15:48:52
The Darkest Lie,young_adult,35.35,5,14,253,2021-07-16 15:48:52
Cinder (The Lunar Chronicles #1),young_adult,26.09,1,3,861,2021-07-16 15:48:52
Obsidian (Lux #1),young_adult,14.86,2,16,89,2021-07-16 15:48:52
My Kind of Crazy,young_adult,40.36,1,14,282,2021-07-16 15:48:52
Don't Get Caught,young_adult,55.35,1,14,313,2021-07-16 15:48:52
The Natural History of Us (The Fine Art of Pretending #2),young_adult,45.22,3,16,59,2021-07-16 15:48:52
Burning,young_adult,28.81,3,16,116,2021-07-16 15:48:52
Don't Forget Steven,young_adult,33.23,1,9,439,2021-07-16 15:48:52
The Alien Club,young_adult,54.4,1,9,431,2021-07-16 15:48:52
Legend (Legend #1),young_adult,43.69,4,3,816,2021-07-16 15:48:52
"Exit, Pursued by a Bear",young_adult,51.34,4,11,409,2021-07-16 15:48:52
Future Shock (Future Shock #1),young_adult,55.65,5,8,481,2021-07-16 15:48:52
Lady Renegades (Rebel Belle #3),young_adult,53.04,5,3,819,2021-07-16 15:48:52
Stars Above (The Lunar Chronicles #4.5),young_adult,48.05,2,12,368,2021-07-16 15:48:52
The Epidemic (The Program 0.6),young_adult,14.44,5,12,364,2021-07-16 15:48:52
Aristotle and Dante Discover the Secrets of the Universe (Aristotle and Dante Discover the Secrets of the Universe #1),young_adult,58.14,4,14,337,2021-07-16 15:48:52
Golden (Heart of Dread #3),young_adult,42.21,4,3,839,2021-07-16 15:48:52
Catching Jordan (Hundred Oaks),young_adult,50.83,3,14,327,2021-07-16 15:48:52
The Art of Not Breathing,young_adult,40.83,4,1,942,2021-07-16 15:48:52
No Love Allowed (Dodge Cove #1),young_adult,54.65,4,12,375,2021-07-16 15:48:52
South of Sunshine,young_adult,28.93,1,8,456,2021-07-16 15:48:52
